{
	"_version": "1.1.0",
	"resources": [
		{
			"name": "Component-dbg.js",
			"isDebug": true
		},
		{
			"name": "Component.js"
		},
		{
			"name": "controller/ContentDetails-dbg.controller.js",
			"isDebug": true
		},
		{
			"name": "controller/ContentDetails.controller.js"
		},
		{
			"name": "controller/ContentDetailsEdit-dbg.controller.js",
			"isDebug": true
		},
		{
			"name": "controller/ContentDetailsEdit.controller.js"
		},
		{
			"name": "controller/LayerContentMaster-dbg.controller.js",
			"isDebug": true
		},
		{
			"name": "controller/LayerContentMaster.controller.js"
		},
		{
			"name": "controller/Layers-dbg.controller.js",
			"isDebug": true
		},
		{
			"name": "controller/Layers.controller.js"
		},
		{
			"name": "i18n/i18n.properties"
		},
		{
			"name": "index.html"
		},
		{
			"name": "lrepConnector/LRepConnector-dbg.js",
			"isDebug": true
		},
		{
			"name": "lrepConnector/LRepConnector.js"
		},
		{
			"name": "manifest.json"
		},
		{
			"name": "style.css"
		},
		{
			"name": "utils/DataUtils-dbg.js",
			"isDebug": true
		},
		{
			"name": "utils/DataUtils.js"
		},
		{
			"name": "utils/ErrorUtils-dbg.js",
			"isDebug": true
		},
		{
			"name": "utils/ErrorUtils.js"
		},
		{
			"name": "view/ContentDetails.view.xml"
		},
		{
			"name": "view/ContentDetailsEdit.view.xml"
		},
		{
			"name": "view/EmptyDetails.view.xml"
		},
		{
			"name": "view/LayerContentMaster.view.xml"
		},
		{
			"name": "view/Layers.view.xml"
		},
		{
			"name": "view/MainView.view.xml"
		}
	]
}