{
  "modules" : [
    {
      "name" : "sap/ui/suite/QuickViewUtils.js",
      "description" : "Provides",
      "size" : 6325,
      "compressedSize" : 3923,
      "required" : ["jquery.sap.global.js", "sap/ui/core/Control.js", "sap/ui/core/Element.js"],
      "includes" : []
    },
    {
      "name" : "sap/ui/suite/TaskCircle.js",
      "description" : "Provides control sap.ui.suite.TaskCircle.",
      "size" : 3357,
      "compressedSize" : 1097,
      "required" : ["jquery.sap.global.js", "sap/ui/core/Control.js", "sap/ui/core/EnabledPropagator.js", "sap/ui/suite/library.js"],
      "includes" : []
    },
    {
      "name" : "sap/ui/suite/TaskCircleRenderer.js",
      "description" : "provides default renderer for sap.ui.suite.TaskCircle",
      "size" : 3629,
      "compressedSize" : 1728,
      "required" : ["jquery.sap.global.js", "sap/ui/core/Core.js", "sap/ui/suite/library.js"],
      "includes" : []
    },
    {
      "name" : "sap/ui/suite/VerticalProgressIndicator.js",
      "description" : "Provides control sap.ui.suite.VerticalProgressIndicator.",
      "size" : 4402,
      "compressedSize" : 1305,
      "required" : ["jquery.sap.global.js", "sap/ui/core/Control.js", "sap/ui/core/EnabledPropagator.js", "sap/ui/suite/library.js"],
      "includes" : []
    },
    {
      "name" : "sap/ui/suite/VerticalProgressIndicatorRenderer.js",
      "description" : "provides default renderer for sap.ui.suite.VerticalProgressIndicator",
      "size" : 2523,
      "compressedSize" : 1177,
      "required" : ["jquery.sap.global.js"],
      "includes" : []
    },
    {
      "name" : "sap/ui/suite/library-preload.js",
      "size" : 10138,
      "required" : ["jquery.sap.global.js", "sap/ui/core/Control.js", "sap/ui/core/Core.js", "sap/ui/core/Element.js", "sap/ui/core/EnabledPropagator.js", "sap/ui/core/library.js"],
      "includes" : ["sap/ui/suite/QuickViewUtils.js", "sap/ui/suite/TaskCircle.js", "sap/ui/suite/TaskCircleRenderer.js", "sap/ui/suite/VerticalProgressIndicator.js", "sap/ui/suite/VerticalProgressIndicatorRenderer.js", "sap/ui/suite/library.js", "sap/ui/suite/manifest.json"]
    },
    {
      "name" : "sap/ui/suite/library-preload.json",
      "size" : 0,
      "required" : ["jquery.sap.global.js", "sap/ui/core/Control.js", "sap/ui/core/Core.js", "sap/ui/core/Element.js", "sap/ui/core/EnabledPropagator.js", "sap/ui/core/library-preload.json", "sap/ui/core/library.js"],
      "includes" : ["sap/ui/suite/QuickViewUtils.js", "sap/ui/suite/TaskCircle.js", "sap/ui/suite/TaskCircleRenderer.js", "sap/ui/suite/VerticalProgressIndicator.js", "sap/ui/suite/VerticalProgressIndicatorRenderer.js", "sap/ui/suite/library.js", "sap/ui/suite/manifest.json"]
    },
    {
      "name" : "sap/ui/suite/library.js",
      "description" : "Initialization Code and shared classes of library sap.ui.suite.",
      "size" : 1503,
      "compressedSize" : 635,
      "required" : ["jquery.sap.global.js", "sap/ui/core/Core.js", "sap/ui/core/library.js"],
      "includes" : []
    },
    {
      "name" : "sap/ui/suite/manifest.json",
      "size" : 734,
      "required" : [],
      "includes" : []
    }
  ]
}
