<?xml version="1.0" encoding="UTF-8" ?>
<Library name="sap.ui.suite" xmlns="http://www.sap.com/ui5/ide/templates/xmlview">
<Template name="sap.ui.suite.TaskCircle" alias="TaskCircle,Circle">
	<jsTemplate><![CDATA[new sap.ui.suite.TaskCircle({
	id: "${id}", // sap.ui.core.ID
	busy: false, // boolean
	busyIndicatorDelay: 1000, // int
	visible: true, // boolean
	fieldGroupIds: [], // string[], since 1.31
	value: 0, // int
	maxValue: 100, // int
	minValue: 0, // int
	color: sap.ui.suite.TaskCircleColor.Gray, // sap.ui.suite.TaskCircleColor
	tooltip: undefined, // sap.ui.core.TooltipBase
	customData: [], // sap.ui.core.CustomData
	dependents: [], // sap.ui.core.Element, since 1.19
	ariaLabelledBy: [], // sap.ui.core.Control
	ariaDescribedBy: [], // sap.ui.core.Control
	validateFieldGroup: [function (oEvent) {
		var ${control} = oEvent.getSource();
	}, this],
	press: [function (oEvent) {
		var ${control} = oEvent.getSource();
	}, this]
})
]]></jsTemplate>
	<xmlTemplate><![CDATA[<TaskCircle xmlns="sap.ui.suite"
	id="${id}"
	busy="false"
	busyIndicatorDelay="1000"
	visible="true"
	fieldGroupIds=""
	value="0"
	maxValue="100"
	minValue="0"
	color="Gray"
	ariaLabelledBy=""
	ariaDescribedBy=""
	validateFieldGroup=""
	press="">
		<tooltip></tooltip> <!-- sap.ui.core.TooltipBase -->
		<dependents></dependents> <!-- sap.ui.core.Element, since 1.19 -->
</TaskCircle>
]]></xmlTemplate>
</Template>
<Template name="sap.ui.suite.VerticalProgressIndicator" alias="VerticalProgressIndicator,Indicator">
	<jsTemplate><![CDATA[new sap.ui.suite.VerticalProgressIndicator({
	id: "${id}", // sap.ui.core.ID
	busy: false, // boolean
	busyIndicatorDelay: 1000, // int
	visible: true, // boolean
	fieldGroupIds: [], // string[], since 1.31
	percentage: undefined, // int
	tooltip: undefined, // sap.ui.core.TooltipBase
	customData: [], // sap.ui.core.CustomData
	dependents: [], // sap.ui.core.Element, since 1.19
	ariaLabelledBy: [], // sap.ui.core.Control
	ariaDescribedBy: [], // sap.ui.core.Control
	validateFieldGroup: [function (oEvent) {
		var ${control} = oEvent.getSource();
	}, this],
	press: [function (oEvent) {
		var ${control} = oEvent.getSource();
	}, this]
})
]]></jsTemplate>
	<xmlTemplate><![CDATA[<VerticalProgressIndicator xmlns="sap.ui.suite"
	id="${id}"
	busy="false"
	busyIndicatorDelay="1000"
	visible="true"
	fieldGroupIds=""
	percentage=""
	ariaLabelledBy=""
	ariaDescribedBy=""
	validateFieldGroup=""
	press="">
		<tooltip></tooltip> <!-- sap.ui.core.TooltipBase -->
		<dependents></dependents> <!-- sap.ui.core.Element, since 1.19 -->
</VerticalProgressIndicator>
]]></xmlTemplate>
</Template>
</Library>
