{
	"_version": "1.1.0",
	"resources": [
		{
			"name": ".library"
		},
		{
			"name": ".theming"
		},
		{
			"name": "QuickViewUtils-dbg.js",
			"module": "sap/ui/suite/QuickViewUtils.js",
			"isDebug": true,
			"required": [
				"jquery.sap.global.js",
				"sap/ui/core/Control.js",
				"sap/ui/core/Element.js"
			]
		},
		{
			"name": "QuickViewUtils.js",
			"module": "sap/ui/suite/QuickViewUtils.js",
			"required": [
				"jquery.sap.global.js",
				"sap/ui/core/Control.js",
				"sap/ui/core/Element.js"
			]
		},
		{
			"name": "TaskCircle-dbg.js",
			"module": "sap/ui/suite/TaskCircle.js",
			"isDebug": true,
			"required": [
				"jquery.sap.global.js",
				"sap/ui/core/Control.js",
				"sap/ui/core/EnabledPropagator.js",
				"sap/ui/suite/library.js"
			]
		},
		{
			"name": "TaskCircle.control",
			"designtime": true
		},
		{
			"name": "TaskCircle.js",
			"module": "sap/ui/suite/TaskCircle.js",
			"required": [
				"jquery.sap.global.js",
				"sap/ui/core/Control.js",
				"sap/ui/core/EnabledPropagator.js",
				"sap/ui/suite/library.js"
			]
		},
		{
			"name": "TaskCircleColor.type",
			"designtime": true
		},
		{
			"name": "TaskCircleRenderer-dbg.js",
			"module": "sap/ui/suite/TaskCircleRenderer.js",
			"isDebug": true,
			"required": [
				"jquery.sap.global.js",
				"sap/ui/core/Core.js",
				"sap/ui/suite/library.js"
			]
		},
		{
			"name": "TaskCircleRenderer.js",
			"module": "sap/ui/suite/TaskCircleRenderer.js",
			"required": [
				"jquery.sap.global.js",
				"sap/ui/core/Core.js",
				"sap/ui/suite/library.js"
			]
		},
		{
			"name": "VerticalProgressIndicator-dbg.js",
			"module": "sap/ui/suite/VerticalProgressIndicator.js",
			"isDebug": true,
			"required": [
				"jquery.sap.global.js",
				"sap/ui/core/Control.js",
				"sap/ui/core/EnabledPropagator.js",
				"sap/ui/suite/library.js"
			]
		},
		{
			"name": "VerticalProgressIndicator.control",
			"designtime": true
		},
		{
			"name": "VerticalProgressIndicator.js",
			"module": "sap/ui/suite/VerticalProgressIndicator.js",
			"required": [
				"jquery.sap.global.js",
				"sap/ui/core/Control.js",
				"sap/ui/core/EnabledPropagator.js",
				"sap/ui/suite/library.js"
			]
		},
		{
			"name": "VerticalProgressIndicatorRenderer-dbg.js",
			"module": "sap/ui/suite/VerticalProgressIndicatorRenderer.js",
			"isDebug": true
		},
		{
			"name": "VerticalProgressIndicatorRenderer.js",
			"module": "sap/ui/suite/VerticalProgressIndicatorRenderer.js"
		},
		{
			"name": "library-all-dbg.js",
			"isDebug": true,
			"merged": true
		},
		{
			"name": "library-all.js",
			"merged": true
		},
		{
			"name": "library-dbg.js",
			"module": "sap/ui/suite/library.js",
			"isDebug": true,
			"required": [
				"jquery.sap.global.js",
				"sap/ui/core/Core.js",
				"sap/ui/core/library.js"
			]
		},
		{
			"name": "library-preload.js",
			"module": "sap/ui/suite/library-preload.js",
			"merged": true,
			"required": [
				"jquery.sap.global.js",
				"sap/ui/core/Control.js",
				"sap/ui/core/Core.js",
				"sap/ui/core/Element.js",
				"sap/ui/core/EnabledPropagator.js",
				"sap/ui/core/library.js"
			],
			"included": [
				"sap/ui/suite/QuickViewUtils.js",
				"sap/ui/suite/TaskCircle.js",
				"sap/ui/suite/TaskCircleRenderer.js",
				"sap/ui/suite/VerticalProgressIndicator.js",
				"sap/ui/suite/VerticalProgressIndicatorRenderer.js",
				"sap/ui/suite/library.js",
				"sap/ui/suite/manifest.json"
			]
		},
		{
			"name": "library-preload.js.map",
			"isDebug": true
		},
		{
			"name": "library-preload.json",
			"module": "sap/ui/suite/library-preload.json",
			"merged": true,
			"required": [
				"jquery.sap.global.js",
				"sap/ui/core/Control.js",
				"sap/ui/core/Core.js",
				"sap/ui/core/Element.js",
				"sap/ui/core/EnabledPropagator.js",
				"sap/ui/core/library-preload.json",
				"sap/ui/core/library.js"
			],
			"included": [
				"sap/ui/suite/QuickViewUtils.js",
				"sap/ui/suite/TaskCircle.js",
				"sap/ui/suite/TaskCircleRenderer.js",
				"sap/ui/suite/VerticalProgressIndicator.js",
				"sap/ui/suite/VerticalProgressIndicatorRenderer.js",
				"sap/ui/suite/library.js",
				"sap/ui/suite/manifest.json"
			]
		},
		{
			"name": "library.dependencies.json",
			"designtime": true
		},
		{
			"name": "library.dependencies.xml",
			"designtime": true
		},
		{
			"name": "library.js",
			"module": "sap/ui/suite/library.js",
			"required": [
				"jquery.sap.global.js",
				"sap/ui/core/Core.js",
				"sap/ui/core/library.js"
			]
		},
		{
			"name": "library.templates.xml",
			"designtime": true
		},
		{
			"name": "manifest.json",
			"module": "sap/ui/suite/manifest.json"
		},
		{
			"name": "resources.json"
		},
		{
			"name": "themes/base/.theming",
			"theme": "base"
		},
		{
			"name": "themes/base/TaskCircle.less",
			"designtime": true,
			"theme": "base"
		},
		{
			"name": "themes/base/VerticalProgressIndicator.less",
			"designtime": true,
			"theme": "base"
		},
		{
			"name": "themes/base/library-RTL-dbg.css",
			"isDebug": true,
			"theme": "base"
		},
		{
			"name": "themes/base/library-RTL.css",
			"theme": "base"
		},
		{
			"name": "themes/base/library-dbg.css",
			"isDebug": true,
			"theme": "base"
		},
		{
			"name": "themes/base/library-parameters.json",
			"theme": "base"
		},
		{
			"name": "themes/base/library.css",
			"theme": "base"
		},
		{
			"name": "themes/base/library.less",
			"designtime": true,
			"theme": "base"
		},
		{
			"name": "themes/base/library.source.less",
			"designtime": true,
			"theme": "base"
		},
		{
			"name": "themes/base/shared.less",
			"designtime": true,
			"theme": "base"
		},
		{
			"name": "themes/sap_hcb/.theming",
			"theme": "sap_hcb"
		},
		{
			"name": "themes/sap_hcb/TaskCircle.less",
			"designtime": true,
			"theme": "sap_hcb"
		},
		{
			"name": "themes/sap_hcb/VerticalProgressIndicator.less",
			"designtime": true,
			"theme": "sap_hcb"
		},
		{
			"name": "themes/sap_hcb/library-RTL-dbg.css",
			"isDebug": true,
			"theme": "sap_hcb"
		},
		{
			"name": "themes/sap_hcb/library-RTL.css",
			"theme": "sap_hcb"
		},
		{
			"name": "themes/sap_hcb/library-dbg.css",
			"isDebug": true,
			"theme": "sap_hcb"
		},
		{
			"name": "themes/sap_hcb/library-parameters.json",
			"theme": "sap_hcb"
		},
		{
			"name": "themes/sap_hcb/library.css",
			"theme": "sap_hcb"
		},
		{
			"name": "themes/sap_hcb/library.less",
			"designtime": true,
			"theme": "sap_hcb"
		},
		{
			"name": "themes/sap_hcb/library.source.less",
			"designtime": true,
			"theme": "sap_hcb"
		},
		{
			"name": "themes/sap_hcb/shared.less",
			"designtime": true,
			"theme": "sap_hcb"
		}
	]
}