{
	"_version": "1.1.0",
	"resources": [
		{
			"name": ".theming",
			"theme": "sap_bluecrystal"
		},
		{
			"name": "ActionListItem.less",
			"designtime": true,
			"theme": "sap_bluecrystal"
		},
		{
			"name": "ActionSelect.less",
			"designtime": true,
			"theme": "sap_bluecrystal"
		},
		{
			"name": "ActionSheet.less",
			"designtime": true,
			"theme": "sap_bluecrystal"
		},
		{
			"name": "BarBase.less",
			"designtime": true,
			"theme": "sap_bluecrystal"
		},
		{
			"name": "Breadcrumbs.less",
			"designtime": true,
			"theme": "sap_bluecrystal"
		},
		{
			"name": "Button.less",
			"designtime": true,
			"theme": "sap_bluecrystal"
		},
		{
			"name": "Carousel.less",
			"designtime": true,
			"theme": "sap_bluecrystal"
		},
		{
			"name": "CheckBox.less",
			"designtime": true,
			"theme": "sap_bluecrystal"
		},
		{
			"name": "ColumnListItem.less",
			"designtime": true,
			"theme": "sap_bluecrystal"
		},
		{
			"name": "ComboBoxBase.less",
			"designtime": true,
			"theme": "sap_bluecrystal"
		},
		{
			"name": "ComboBoxTextField.less",
			"designtime": true,
			"theme": "sap_bluecrystal"
		},
		{
			"name": "CustomTile.less",
			"designtime": true,
			"theme": "sap_bluecrystal"
		},
		{
			"name": "Dialog.less",
			"designtime": true,
			"theme": "sap_bluecrystal"
		},
		{
			"name": "FlexBox.less",
			"designtime": true,
			"theme": "sap_bluecrystal"
		},
		{
			"name": "GenericTile.less",
			"designtime": true,
			"theme": "sap_bluecrystal"
		},
		{
			"name": "GroupHeaderListItem.less",
			"designtime": true,
			"theme": "sap_bluecrystal"
		},
		{
			"name": "HeaderContainer.less",
			"designtime": true,
			"theme": "sap_bluecrystal"
		},
		{
			"name": "IconTabBar.less",
			"designtime": true,
			"theme": "sap_bluecrystal"
		},
		{
			"name": "Image.less",
			"designtime": true,
			"theme": "sap_bluecrystal"
		},
		{
			"name": "Input.less",
			"designtime": true,
			"theme": "sap_bluecrystal"
		},
		{
			"name": "Label.less",
			"designtime": true,
			"theme": "sap_bluecrystal"
		},
		{
			"name": "Link.less",
			"designtime": true,
			"theme": "sap_bluecrystal"
		},
		{
			"name": "ListItemBase.less",
			"designtime": true,
			"theme": "sap_bluecrystal"
		},
		{
			"name": "MessagePage.less",
			"designtime": true,
			"theme": "sap_bluecrystal"
		},
		{
			"name": "MessagePopover.less",
			"designtime": true,
			"theme": "sap_bluecrystal"
		},
		{
			"name": "MessageStrip.less",
			"designtime": true,
			"theme": "sap_bluecrystal"
		},
		{
			"name": "MessageToast.less",
			"designtime": true,
			"theme": "sap_bluecrystal"
		},
		{
			"name": "MessageView.less",
			"designtime": true,
			"theme": "sap_bluecrystal"
		},
		{
			"name": "MultiInput.less",
			"designtime": true,
			"theme": "sap_bluecrystal"
		},
		{
			"name": "NewsContent.less",
			"designtime": true,
			"theme": "sap_bluecrystal"
		},
		{
			"name": "NotificationListItem.less",
			"designtime": true,
			"theme": "sap_bluecrystal"
		},
		{
			"name": "ObjectAttribute.less",
			"designtime": true,
			"theme": "sap_bluecrystal"
		},
		{
			"name": "ObjectHeader.less",
			"designtime": true,
			"theme": "sap_bluecrystal"
		},
		{
			"name": "ObjectNumber.less",
			"designtime": true,
			"theme": "sap_bluecrystal"
		},
		{
			"name": "OverflowToolbarAssociativePopover.less",
			"designtime": true,
			"theme": "sap_bluecrystal"
		},
		{
			"name": "Page.less",
			"designtime": true,
			"theme": "sap_bluecrystal"
		},
		{
			"name": "Panel.less",
			"designtime": true,
			"theme": "sap_bluecrystal"
		},
		{
			"name": "PlanningCalendar.less",
			"designtime": true,
			"theme": "sap_bluecrystal"
		},
		{
			"name": "Popover.less",
			"designtime": true,
			"theme": "sap_bluecrystal"
		},
		{
			"name": "PullToRefresh.less",
			"designtime": true,
			"theme": "sap_bluecrystal"
		},
		{
			"name": "QuickView.less",
			"designtime": true,
			"theme": "sap_bluecrystal"
		},
		{
			"name": "RadioButton.less",
			"designtime": true,
			"theme": "sap_bluecrystal"
		},
		{
			"name": "RadioButtonGroup.less",
			"designtime": true,
			"theme": "sap_bluecrystal"
		},
		{
			"name": "RangeSlider.less",
			"designtime": true,
			"theme": "sap_bluecrystal"
		},
		{
			"name": "RatingIndicator.less",
			"designtime": true,
			"theme": "sap_bluecrystal"
		},
		{
			"name": "ResponsivePopover.less",
			"designtime": true,
			"theme": "sap_bluecrystal"
		},
		{
			"name": "SearchField.less",
			"designtime": true,
			"theme": "sap_bluecrystal"
		},
		{
			"name": "SegmentedButton.less",
			"designtime": true,
			"theme": "sap_bluecrystal"
		},
		{
			"name": "Select.less",
			"designtime": true,
			"theme": "sap_bluecrystal"
		},
		{
			"name": "SelectList.less",
			"designtime": true,
			"theme": "sap_bluecrystal"
		},
		{
			"name": "Shell.less",
			"designtime": true,
			"theme": "sap_bluecrystal"
		},
		{
			"name": "SlideTile.less",
			"designtime": true,
			"theme": "sap_bluecrystal"
		},
		{
			"name": "Slider.less",
			"designtime": true,
			"theme": "sap_bluecrystal"
		},
		{
			"name": "SplitButton.less",
			"designtime": true,
			"theme": "sap_bluecrystal"
		},
		{
			"name": "SplitContainer.less",
			"designtime": true,
			"theme": "sap_bluecrystal"
		},
		{
			"name": "StandardTile.less",
			"designtime": true,
			"theme": "sap_bluecrystal"
		},
		{
			"name": "Switch.less",
			"designtime": true,
			"theme": "sap_bluecrystal"
		},
		{
			"name": "TabContainer.less",
			"designtime": true,
			"theme": "sap_bluecrystal"
		},
		{
			"name": "TabStrip.less",
			"designtime": true,
			"theme": "sap_bluecrystal"
		},
		{
			"name": "Table.less",
			"designtime": true,
			"theme": "sap_bluecrystal"
		},
		{
			"name": "Text.less",
			"designtime": true,
			"theme": "sap_bluecrystal"
		},
		{
			"name": "TextArea.less",
			"designtime": true,
			"theme": "sap_bluecrystal"
		},
		{
			"name": "TileContainer.less",
			"designtime": true,
			"theme": "sap_bluecrystal"
		},
		{
			"name": "TileContent.less",
			"designtime": true,
			"theme": "sap_bluecrystal"
		},
		{
			"name": "TimePicker.less",
			"designtime": true,
			"theme": "sap_bluecrystal"
		},
		{
			"name": "Title.less",
			"designtime": true,
			"theme": "sap_bluecrystal"
		},
		{
			"name": "Token.less",
			"designtime": true,
			"theme": "sap_bluecrystal"
		},
		{
			"name": "Tokenizer.less",
			"designtime": true,
			"theme": "sap_bluecrystal"
		},
		{
			"name": "Toolbar.less",
			"designtime": true,
			"theme": "sap_bluecrystal"
		},
		{
			"name": "ToolbarSeparator.less",
			"designtime": true,
			"theme": "sap_bluecrystal"
		},
		{
			"name": "UploadCollection.less",
			"designtime": true,
			"theme": "sap_bluecrystal"
		},
		{
			"name": "ValueStateMessage.less",
			"designtime": true,
			"theme": "sap_bluecrystal"
		},
		{
			"name": "ViewSettingsDialog.less",
			"designtime": true,
			"theme": "sap_bluecrystal"
		},
		{
			"name": "Wizard.less",
			"designtime": true,
			"theme": "sap_bluecrystal"
		},
		{
			"name": "WizardProgressNavigator.less",
			"designtime": true,
			"theme": "sap_bluecrystal"
		},
		{
			"name": "img-RTL/sap_inset.png",
			"theme": "sap_bluecrystal"
		},
		{
			"name": "img/sap_inset.png",
			"theme": "sap_bluecrystal"
		},
		{
			"name": "library-RTL-dbg.css",
			"isDebug": true,
			"theme": "sap_bluecrystal"
		},
		{
			"name": "library-RTL.css",
			"theme": "sap_bluecrystal"
		},
		{
			"name": "library-dbg.css",
			"isDebug": true,
			"theme": "sap_bluecrystal"
		},
		{
			"name": "library-parameters.json",
			"theme": "sap_bluecrystal"
		},
		{
			"name": "library.css",
			"theme": "sap_bluecrystal"
		},
		{
			"name": "library.less",
			"designtime": true,
			"theme": "sap_bluecrystal"
		},
		{
			"name": "library.source.less",
			"designtime": true,
			"theme": "sap_bluecrystal"
		},
		{
			"name": "shared.less",
			"designtime": true,
			"theme": "sap_bluecrystal"
		}
	]
}