<mvc:View xmlns="sap.m" xmlns:core="sap.ui.core" xmlns:mvc="sap.ui.core.mvc">
	<List items="{flex>/}">
		<items>
		   <CustomListItem>
				<Panel expandable="true" expanded="false" headerText="{flex>reference}" >
					<Table items="{path: 'flex>changes', templateShareable: false}" visible="{= ${flex>changes/length} > 0}">
						<headerToolbar>
							<Toolbar>
								<Title text="Changes" level="H2"/>
							</Toolbar>
						</headerToolbar>
						<columns>
							<Column>
								<Text text="Layer" />
							</Column>
							<Column>
								<Text text="Type" />
							</Column>
							<Column>
								<Text text="Target" />
							</Column>
							<Column>
								<Text text="Creator" />
							</Column>
							<Column>
								<Text text="Created At" />
							</Column>
							<Column hAlign="Center">
								<Text text="Active" />
							</Column>
						</columns>
						<items>
							<ColumnListItem>
								<cells>
									<Text text="{flex>layer}" />
									<Text text="{flex>changeType}" />
									<Text text="{flex>selector/id}" />
									<Text text="{flex>support/user}" />
									<Text text="{
										path: 'flex>creation',
										type: 'sap.ui.model.type.Date',
										formatOptions: {
											style: 'medium',
											source: {
												pattern: 'yyyy-MM-ddThh:mm:ss.SSSSSSSZ'
											}
										}
									}" />
									<core:Icon src="{= ${flex>isActive} ? 'sap-icon://sys-enter' : 'sap-icon://sys-cancel'}" />
								</cells>
							</ColumnListItem>
						</items>
					</Table>
					<Table items="{path: 'flex>contexts', templateShareable: false}" visible="{= ${flex>contexts/length} > 0}">
						<headerToolbar>
							<Toolbar>
								<Title text="Contexts" level="H2"/>
							</Toolbar>
						</headerToolbar>
						<columns>
							<Column>
								<Text text="Layer" />
							</Column>
							<Column>
								<Text text="Title" />
							</Column>
							<Column>
								<Text text="Active" />
							</Column>
						</columns>
						<items>
							<ColumnListItem>
								<cells>
									<Text text="{flex>layer}" />
									<Text text="{flex>title}" />
									<core:Icon src="{= ${flex>isActive} ? 'sap-icon://sys-enter' : 'sap-icon://sys-cancel'}" />
								</cells>
							</ColumnListItem>
						</items>
					</Table>
				</Panel>
			</CustomListItem>
		</items>
	</List>
</mvc:View>
