{
  "modules" : [
    {
      "name" : "sap/ui/fl/Cache.js",
      "description" : "! UI development toolkit for HTML5 (OpenUI5) (c) Copyright 2009-2017 SAP SE or an SAP affiliate company. Licensed under the Apache License, Version 2.0 - see LICENSE.txt.",
      "size" : 8888,
      "compressedSize" : 2072,
      "required" : ["jquery.sap.global.js", "sap/ui/fl/Utils.js"],
      "includes" : []
    },
    {
      "name" : "sap/ui/fl/Change.js",
      "description" : "! UI development toolkit for HTML5 (OpenUI5) (c) Copyright 2009-2017 SAP SE or an SAP affiliate company. Licensed under the Apache License, Version 2.0 - see LICENSE.txt.",
      "size" : 21823,
      "compressedSize" : 7644,
      "required" : ["jquery.sap.global.js", "sap/ui/base/ManagedObject.js", "sap/ui/fl/Utils.js", "sap/ui/fl/registry/Settings.js"],
      "includes" : []
    },
    {
      "name" : "sap/ui/fl/ChangePersistence.js",
      "description" : "! UI development toolkit for HTML5 (OpenUI5) (c) Copyright 2009-2017 SAP SE or an SAP affiliate company. Licensed under the Apache License, Version 2.0 - see LICENSE.txt.",
      "size" : 24068,
      "compressedSize" : 8639,
      "required" : ["jquery.sap.global.js", "sap/ui/fl/Cache.js", "sap/ui/fl/Change.js", "sap/ui/fl/LrepConnector.js", "sap/ui/fl/Utils.js", "sap/ui/fl/context/ContextManager.js", "sap/ui/fl/registry/Settings.js", "sap/ui/fl/variants/VariantController.js"],
      "includes" : []
    },
    {
      "name" : "sap/ui/fl/ChangePersistenceFactory.js",
      "description" : "! UI development toolkit for HTML5 (OpenUI5) (c) Copyright 2009-2017 SAP SE or an SAP affiliate company. Licensed under the Apache License, Version 2.0 - see LICENSE.txt.",
      "size" : 8463,
      "compressedSize" : 2554,
      "required" : ["jquery.sap.global.js", "sap/ui/core/Component.js", "sap/ui/fl/ChangePersistence.js", "sap/ui/fl/Utils.js"],
      "includes" : []
    },
    {
      "name" : "sap/ui/fl/DefaultVariant.js",
      "description" : "! UI development toolkit for HTML5 (OpenUI5) (c) Copyright 2009-2017 SAP SE or an SAP affiliate company. Licensed under the Apache License, Version 2.0 - see LICENSE.txt.",
      "size" : 5201,
      "compressedSize" : 1566,
      "required" : ["jquery.sap.global.js", "sap/ui/fl/Change.js"],
      "includes" : []
    },
    {
      "name" : "sap/ui/fl/EventHistory.js",
      "description" : "! UI development toolkit for HTML5 (OpenUI5) (c) Copyright 2009-2017 SAP SE or an SAP affiliate company. Licensed under the Apache License, Version 2.0 - see LICENSE.txt.",
      "size" : 2198,
      "compressedSize" : 934,
      "required" : ["jquery.sap.global.js"],
      "includes" : []
    },
    {
      "name" : "sap/ui/fl/FakeLrepConnector.js",
      "description" : "! UI development toolkit for HTML5 (OpenUI5) (c) Copyright 2009-2017 SAP SE or an SAP affiliate company. Licensed under the Apache License, Version 2.0 - see LICENSE.txt.",
      "size" : 7536,
      "compressedSize" : 2796,
      "required" : ["jquery.sap.global.js", "sap/ui/fl/Cache.js", "sap/ui/fl/ChangePersistenceFactory.js", "sap/ui/fl/LrepConnector.js", "sap/ui/fl/Utils.js", "sap/ui/thirdparty/URI.js"],
      "includes" : []
    },
    {
      "name" : "sap/ui/fl/FakeLrepConnectorLocalStorage.js",
      "description" : "! UI development toolkit for HTML5 (OpenUI5) (c) Copyright 2009-2017 SAP SE or an SAP affiliate company. Licensed under the Apache License, Version 2.0 - see LICENSE.txt.",
      "size" : 8207,
      "compressedSize" : 2559,
      "required" : ["jquery.sap.global.js", "sap/ui/fl/Cache.js", "sap/ui/fl/ChangePersistenceFactory.js", "sap/ui/fl/FakeLrepConnector.js", "sap/ui/fl/FakeLrepLocalStorage.js", "sap/ui/fl/LrepConnector.js"],
      "includes" : []
    },
    {
      "name" : "sap/ui/fl/FakeLrepLocalStorage.js",
      "description" : "! UI development toolkit for HTML5 (OpenUI5) (c) Copyright 2009-2017 SAP SE or an SAP affiliate company. Licensed under the Apache License, Version 2.0 - see LICENSE.txt.",
      "size" : 3869,
      "compressedSize" : 1517,
      "required" : ["jquery.sap.global.js"],
      "includes" : []
    },
    {
      "name" : "sap/ui/fl/FlexController.js",
      "description" : "! UI development toolkit for HTML5 (OpenUI5) (c) Copyright 2009-2017 SAP SE or an SAP affiliate company. Licensed under the Apache License, Version 2.0 - see LICENSE.txt.",
      "size" : 35356,
      "compressedSize" : 12529,
      "required" : ["jquery.sap.global.js", "sap/ui/core/mvc/View.js", "sap/ui/fl/Cache.js", "sap/ui/fl/Change.js", "sap/ui/fl/ChangePersistenceFactory.js", "sap/ui/fl/LrepConnector.js", "sap/ui/fl/Persistence.js", "sap/ui/fl/Utils.js", "sap/ui/fl/changeHandler/JsControlTreeModifier.js", "sap/ui/fl/changeHandler/XmlTreeModifier.js", "sap/ui/fl/context/ContextManager.js", "sap/ui/fl/registry/ChangeRegistry.js", "sap/ui/fl/registry/Settings.js"],
      "includes" : []
    },
    {
      "name" : "sap/ui/fl/FlexControllerFactory.js",
      "description" : "! UI development toolkit for HTML5 (OpenUI5) (c) Copyright 2009-2017 SAP SE or an SAP affiliate company. Licensed under the Apache License, Version 2.0 - see LICENSE.txt.",
      "size" : 3419,
      "compressedSize" : 1119,
      "required" : ["jquery.sap.global.js", "sap/ui/fl/ChangePersistenceFactory.js", "sap/ui/fl/FlexController.js", "sap/ui/fl/Utils.js", "sap/ui/fl/variants/VariantModel.js"],
      "includes" : []
    },
    {
      "name" : "sap/ui/fl/LrepConnector.js",
      "description" : "! UI development toolkit for HTML5 (OpenUI5) (c) Copyright 2009-2017 SAP SE or an SAP affiliate company. Licensed under the Apache License, Version 2.0 - see LICENSE.txt.",
      "size" : 24947,
      "compressedSize" : 7994,
      "required" : ["jquery.sap.global.js", "sap/ui/fl/Utils.js", "sap/ui/thirdparty/URI.js"],
      "includes" : []
    },
    {
      "name" : "sap/ui/fl/Persistence.js",
      "description" : "! UI development toolkit for HTML5 (OpenUI5) (c) Copyright 2009-2017 SAP SE or an SAP affiliate company. Licensed under the Apache License, Version 2.0 - see LICENSE.txt.",
      "size" : 23295,
      "compressedSize" : 9014,
      "required" : ["jquery.sap.global.js", "sap/ui/fl/Cache.js", "sap/ui/fl/Change.js", "sap/ui/fl/DefaultVariant.js", "sap/ui/fl/LrepConnector.js", "sap/ui/fl/StandardVariant.js", "sap/ui/fl/Utils.js"],
      "includes" : []
    },
    {
      "name" : "sap/ui/fl/Preprocessor.js",
      "description" : "Provides object sap.ui.fl.Processor",
      "size" : 760,
      "compressedSize" : 324,
      "required" : ["jquery.sap.global.js", "sap/ui/base/Object.js"],
      "includes" : []
    },
    {
      "name" : "sap/ui/fl/PreprocessorImpl.js",
      "description" : "Provides object sap.ui.fl.ProcessorImpl",
      "size" : 3082,
      "compressedSize" : 1485,
      "required" : ["jquery.sap.global.js", "sap/ui/core/Component.js", "sap/ui/fl/ChangePersistenceFactory.js", "sap/ui/fl/FlexControllerFactory.js", "sap/ui/fl/LrepConnector.js", "sap/ui/fl/Utils.js"],
      "includes" : []
    },
    {
      "name" : "sap/ui/fl/RegistrationDelegator.js",
      "description" : "Provides object sap.ui.fl.RegistrationDelegator",
      "size" : 2685,
      "compressedSize" : 1270,
      "required" : ["jquery.sap.global.js", "sap/ui/core/Component.js", "sap/ui/core/mvc/Controller.js", "sap/ui/core/mvc/XMLView.js", "sap/ui/fl/ChangePersistenceFactory.js", "sap/ui/fl/EventHistory.js", "sap/ui/fl/FlexControllerFactory.js", "sap/ui/fl/registry/ChangeHandlerRegistration.js"],
      "includes" : []
    },
    {
      "name" : "sap/ui/fl/StandardVariant.js",
      "description" : "! UI development toolkit for HTML5 (OpenUI5) (c) Copyright 2009-2017 SAP SE or an SAP affiliate company. Licensed under the Apache License, Version 2.0 - see LICENSE.txt.",
      "size" : 5270,
      "compressedSize" : 1565,
      "required" : ["jquery.sap.global.js", "sap/ui/fl/Change.js"],
      "includes" : []
    },
    {
      "name" : "sap/ui/fl/Utils.js",
      "description" : "! UI development toolkit for HTML5 (OpenUI5) (c) Copyright 2009-2017 SAP SE or an SAP affiliate company. Licensed under the Apache License, Version 2.0 - see LICENSE.txt.",
      "size" : 29990,
      "compressedSize" : 9142,
      "required" : ["jquery.sap.global.js", "sap/ui/core/Component.js"],
      "includes" : []
    },
    {
      "name" : "sap/ui/fl/XmlPreprocessorImpl.js",
      "description" : "! UI development toolkit for HTML5 (OpenUI5) (c) Copyright 2009-2017 SAP SE or an SAP affiliate company. Licensed under the Apache License, Version 2.0 - see LICENSE.txt.",
      "size" : 4499,
      "compressedSize" : 2052,
      "required" : ["jquery.sap.global.js", "sap/ui/core/Component.js", "sap/ui/fl/ChangePersistence.js", "sap/ui/fl/ChangePersistenceFactory.js", "sap/ui/fl/FlexControllerFactory.js", "sap/ui/fl/LrepConnector.js", "sap/ui/fl/Utils.js"],
      "includes" : []
    },
    {
      "name" : "sap/ui/fl/changeHandler/Base.js",
      "description" : "! UI development toolkit for HTML5 (OpenUI5) (c) Copyright 2009-2017 SAP SE or an SAP affiliate company. Licensed under the Apache License, Version 2.0 - see LICENSE.txt.",
      "size" : 1001,
      "compressedSize" : 382,
      "required" : ["jquery.sap.global.js"],
      "includes" : []
    },
    {
      "name" : "sap/ui/fl/changeHandler/BaseRename.js",
      "description" : "! UI development toolkit for HTML5 (OpenUI5) (c) Copyright 2009-2017 SAP SE or an SAP affiliate company. Licensed under the Apache License, Version 2.0 - see LICENSE.txt.",
      "size" : 4903,
      "compressedSize" : 1518,
      "required" : ["jquery.sap.global.js", "sap/ui/fl/Utils.js", "sap/ui/fl/changeHandler/Base.js"],
      "includes" : []
    },
    {
      "name" : "sap/ui/fl/changeHandler/BaseTreeModifier.js",
      "description" : "! UI development toolkit for HTML5 (OpenUI5) (c) Copyright 2009-2017 SAP SE or an SAP affiliate company. Licensed under the Apache License, Version 2.0 - see LICENSE.txt.",
      "size" : 5484,
      "compressedSize" : 1602,
      "required" : ["jquery.sap.global.js", "sap/ui/base/ManagedObject.js", "sap/ui/fl/Utils.js"],
      "includes" : []
    },
    {
      "name" : "sap/ui/fl/changeHandler/ChangeHandlerMediator.js",
      "description" : "! UI development toolkit for HTML5 (OpenUI5) (c) Copyright 2009-2017 SAP SE or an SAP affiliate company. Licensed under the Apache License, Version 2.0 - see LICENSE.txt.",
      "size" : 6585,
      "compressedSize" : 2477,
      "required" : ["jquery.sap.global.js"],
      "includes" : []
    },
    {
      "name" : "sap/ui/fl/changeHandler/HideControl.js",
      "description" : "! UI development toolkit for HTML5 (OpenUI5) (c) Copyright 2009-2017 SAP SE or an SAP affiliate company. Licensed under the Apache License, Version 2.0 - see LICENSE.txt.",
      "size" : 2363,
      "compressedSize" : 661,
      "required" : ["jquery.sap.global.js"],
      "includes" : []
    },
    {
      "name" : "sap/ui/fl/changeHandler/JsControlTreeModifier.js",
      "description" : "! UI development toolkit for HTML5 (OpenUI5) (c) Copyright 2009-2017 SAP SE or an SAP affiliate company. Licensed under the Apache License, Version 2.0 - see LICENSE.txt.",
      "size" : 7886,
      "compressedSize" : 3019,
      "required" : ["jquery.sap.global.js", "sap/ui/fl/Utils.js", "sap/ui/fl/changeHandler/BaseTreeModifier.js"],
      "includes" : []
    },
    {
      "name" : "sap/ui/fl/changeHandler/MoveControls.js",
      "description" : "! UI development toolkit for HTML5 (OpenUI5) (c) Copyright 2009-2017 SAP SE or an SAP affiliate company. Licensed under the Apache License, Version 2.0 - see LICENSE.txt.",
      "size" : 12038,
      "compressedSize" : 4944,
      "required" : ["jquery.sap.global.js", "sap/ui/fl/Utils.js", "sap/ui/fl/changeHandler/Base.js"],
      "includes" : []
    },
    {
      "name" : "sap/ui/fl/changeHandler/MoveElements.js",
      "description" : "! UI development toolkit for HTML5 (OpenUI5) (c) Copyright 2009-2017 SAP SE or an SAP affiliate company. Licensed under the Apache License, Version 2.0 - see LICENSE.txt.",
      "size" : 5443,
      "compressedSize" : 2176,
      "required" : ["jquery.sap.global.js", "sap/ui/fl/Utils.js", "sap/ui/fl/changeHandler/Base.js", "sap/ui/fl/changeHandler/JsControlTreeModifier.js"],
      "includes" : []
    },
    {
      "name" : "sap/ui/fl/changeHandler/PropertyBindingChange.js",
      "description" : "! UI development toolkit for HTML5 (OpenUI5) (c) Copyright 2009-2017 SAP SE or an SAP affiliate company. Licensed under the Apache License, Version 2.0 - see LICENSE.txt.",
      "size" : 3294,
      "compressedSize" : 991,
      "required" : ["jquery.sap.global.js", "sap/ui/fl/Utils.js", "sap/ui/fl/changeHandler/Base.js"],
      "includes" : []
    },
    {
      "name" : "sap/ui/fl/changeHandler/PropertyChange.js",
      "description" : "! UI development toolkit for HTML5 (OpenUI5) (c) Copyright 2009-2017 SAP SE or an SAP affiliate company. Licensed under the Apache License, Version 2.0 - see LICENSE.txt.",
      "size" : 3790,
      "compressedSize" : 1162,
      "required" : ["jquery.sap.global.js", "sap/ui/fl/Utils.js", "sap/ui/fl/changeHandler/Base.js"],
      "includes" : []
    },
    {
      "name" : "sap/ui/fl/changeHandler/StashControl.js",
      "description" : "! UI development toolkit for HTML5 (OpenUI5) (c) Copyright 2009-2017 SAP SE or an SAP affiliate company. Licensed under the Apache License, Version 2.0 - see LICENSE.txt.",
      "size" : 2384,
      "compressedSize" : 660,
      "required" : ["jquery.sap.global.js"],
      "includes" : []
    },
    {
      "name" : "sap/ui/fl/changeHandler/UnhideControl.js",
      "description" : "! UI development toolkit for HTML5 (OpenUI5) (c) Copyright 2009-2017 SAP SE or an SAP affiliate company. Licensed under the Apache License, Version 2.0 - see LICENSE.txt.",
      "size" : 2349,
      "compressedSize" : 671,
      "required" : ["jquery.sap.global.js"],
      "includes" : []
    },
    {
      "name" : "sap/ui/fl/changeHandler/UnstashControl.js",
      "description" : "! UI development toolkit for HTML5 (OpenUI5) (c) Copyright 2009-2017 SAP SE or an SAP affiliate company. Licensed under the Apache License, Version 2.0 - see LICENSE.txt.",
      "size" : 2998,
      "compressedSize" : 898,
      "required" : ["jquery.sap.global.js"],
      "includes" : []
    },
    {
      "name" : "sap/ui/fl/changeHandler/XmlTreeModifier.js",
      "description" : "! UI development toolkit for HTML5 (OpenUI5) (c) Copyright 2009-2017 SAP SE or an SAP affiliate company. Licensed under the Apache License, Version 2.0 - see LICENSE.txt.",
      "size" : 11836,
      "compressedSize" : 4330,
      "required" : ["jquery.sap.global.js", "sap/ui/base/DataType.js", "sap/ui/fl/changeHandler/BaseTreeModifier.js"],
      "includes" : []
    },
    {
      "name" : "sap/ui/fl/codeExt/CodeExtManager.js",
      "description" : "! UI development toolkit for HTML5 (OpenUI5) (c) Copyright 2009-2017 SAP SE or an SAP affiliate company. Licensed under the Apache License, Version 2.0 - see LICENSE.txt.",
      "size" : 4282,
      "compressedSize" : 1925,
      "required" : ["jquery.sap.global.js", "sap/ui/fl/Change.js", "sap/ui/fl/LrepConnector.js", "sap/ui/fl/Utils.js"],
      "includes" : []
    },
    {
      "name" : "sap/ui/fl/context/BaseContextProvider.js",
      "description" : "! UI development toolkit for HTML5 (OpenUI5) (c) Copyright 2009-2017 SAP SE or an SAP affiliate company. Licensed under the Apache License, Version 2.0 - see LICENSE.txt.",
      "size" : 1994,
      "compressedSize" : 801,
      "required" : ["jquery.sap.global.js", "sap/ui/base/ManagedObject.js"],
      "includes" : []
    },
    {
      "name" : "sap/ui/fl/context/Context.js",
      "description" : "! UI development toolkit for HTML5 (OpenUI5) (c) Copyright 2009-2017 SAP SE or an SAP affiliate company. Licensed under the Apache License, Version 2.0 - see LICENSE.txt.",
      "size" : 5690,
      "compressedSize" : 2653,
      "required" : ["jquery.sap.global.js", "sap/ui/base/ManagedObject.js"],
      "includes" : []
    },
    {
      "name" : "sap/ui/fl/context/ContextManager.js",
      "description" : "! UI development toolkit for HTML5 (OpenUI5) (c) Copyright 2009-2017 SAP SE or an SAP affiliate company. Licensed under the Apache License, Version 2.0 - see LICENSE.txt.",
      "size" : 10234,
      "compressedSize" : 2787,
      "required" : ["jquery.sap.global.js", "sap/ui/fl/LrepConnector.js", "sap/ui/fl/Utils.js", "sap/ui/fl/context/Context.js"],
      "includes" : []
    },
    {
      "name" : "sap/ui/fl/context/DeviceContextProvider.js",
      "description" : "! UI development toolkit for HTML5 (OpenUI5) (c) Copyright 2009-2017 SAP SE or an SAP affiliate company. Licensed under the Apache License, Version 2.0 - see LICENSE.txt.",
      "size" : 1356,
      "compressedSize" : 700,
      "required" : ["jquery.sap.global.js", "sap/ui/Device.js", "sap/ui/fl/context/BaseContextProvider.js"],
      "includes" : []
    },
    {
      "name" : "sap/ui/fl/context/SwitchContextProvider.js",
      "description" : "! UI development toolkit for HTML5 (OpenUI5) (c) Copyright 2009-2017 SAP SE or an SAP affiliate company. Licensed under the Apache License, Version 2.0 - see LICENSE.txt.",
      "size" : 1420,
      "compressedSize" : 766,
      "required" : ["jquery.sap.global.js", "sap/ui/fl/Cache.js", "sap/ui/fl/context/BaseContextProvider.js"],
      "includes" : []
    },
    {
      "name" : "sap/ui/fl/core/EventDelegate.js",
      "description" : "! UI development toolkit for HTML5 (OpenUI5) (c) Copyright 2009-2017 SAP SE or an SAP affiliate company. Licensed under the Apache License, Version 2.0 - see LICENSE.txt.",
      "size" : 4094,
      "compressedSize" : 1517,
      "required" : ["jquery.sap.global.js", "sap/ui/base/EventProvider.js", "sap/ui/fl/Utils.js", "sap/ui/fl/core/FlexVisualizer.js", "sap/ui/fl/registry/ChangeRegistry.js"],
      "includes" : []
    },
    {
      "name" : "sap/ui/fl/core/FlexVisualizer.js",
      "description" : "! UI development toolkit for HTML5 (OpenUI5) (c) Copyright 2009-2017 SAP SE or an SAP affiliate company. Licensed under the Apache License, Version 2.0 - see LICENSE.txt.",
      "size" : 954,
      "compressedSize" : 340,
      "required" : ["jquery.sap.global.js"],
      "includes" : []
    },
    {
      "name" : "sap/ui/fl/descriptorRelated/api/DescriptorChangeFactory.js",
      "description" : "! UI development toolkit for HTML5 (OpenUI5) (c) Copyright 2009-2017 SAP SE or an SAP affiliate company. Licensed under the Apache License, Version 2.0 - see LICENSE.txt.",
      "size" : 6952,
      "compressedSize" : 2510,
      "required" : ["jquery.sap.global.js", "sap/ui/fl/Change.js", "sap/ui/fl/ChangePersistence.js", "sap/ui/fl/ChangePersistenceFactory.js", "sap/ui/fl/Utils.js", "sap/ui/fl/descriptorRelated/internal/Utils.js", "sap/ui/fl/registry/Settings.js"],
      "includes" : []
    },
    {
      "name" : "sap/ui/fl/descriptorRelated/api/DescriptorInlineChangeFactory.js",
      "description" : "! UI development toolkit for HTML5 (OpenUI5) (c) Copyright 2009-2017 SAP SE or an SAP affiliate company. Licensed under the Apache License, Version 2.0 - see LICENSE.txt.",
      "size" : 28674,
      "compressedSize" : 7714,
      "required" : ["jquery.sap.global.js", "sap/ui/fl/descriptorRelated/internal/Utils.js"],
      "includes" : []
    },
    {
      "name" : "sap/ui/fl/descriptorRelated/api/DescriptorVariantFactory.js",
      "description" : "! UI development toolkit for HTML5 (OpenUI5) (c) Copyright 2009-2017 SAP SE or an SAP affiliate company. Licensed under the Apache License, Version 2.0 - see LICENSE.txt.",
      "size" : 10885,
      "compressedSize" : 4155,
      "required" : ["jquery.sap.global.js", "sap/ui/fl/LrepConnector.js", "sap/ui/fl/Utils.js", "sap/ui/fl/descriptorRelated/api/DescriptorInlineChangeFactory.js", "sap/ui/fl/descriptorRelated/internal/Utils.js", "sap/ui/fl/registry/Settings.js"],
      "includes" : []
    },
    {
      "name" : "sap/ui/fl/descriptorRelated/internal/Utils.js",
      "description" : "! UI development toolkit for HTML5 (OpenUI5) (c) Copyright 2009-2017 SAP SE or an SAP affiliate company. Licensed under the Apache License, Version 2.0 - see LICENSE.txt.",
      "size" : 2964,
      "compressedSize" : 1801,
      "required" : ["jquery.sap.global.js"],
      "includes" : []
    },
    {
      "name" : "sap/ui/fl/fieldExt/Access.js",
      "description" : "! UI development toolkit for HTML5 (OpenUI5) (c) Copyright 2009-2017 SAP SE or an SAP affiliate company. Licensed under the Apache License, Version 2.0 - see LICENSE.txt.",
      "size" : 14886,
      "compressedSize" : 4838,
      "required" : ["jquery.sap.global.js", "jquery.sap.storage.js"],
      "includes" : []
    },
    {
      "name" : "sap/ui/fl/library-preload.js",
      "size" : 186821,
      "required" : ["jquery.sap.global.js", "jquery.sap.storage.js", "sap/m/Bar.js", "sap/m/Button.js", "sap/m/ButtonType.js", "sap/m/CheckBox.js", "sap/m/Column.js", "sap/m/ColumnListItem.js", "sap/m/ComboBox.js", "sap/m/Dialog.js", "sap/m/DialogRenderer.js", "sap/m/Input.js", "sap/m/InputListItem.js", "sap/m/Label.js", "sap/m/List.js", "sap/m/MessageToast.js", "sap/m/ObjectIdentifier.js", "sap/m/OverflowToolbar.js", "sap/m/OverflowToolbarLayoutData.js", "sap/m/OverflowToolbarPriority.js", "sap/m/Page.js", "sap/m/PlacementType.js", "sap/m/PopinDisplay.js", "sap/m/RadioButton.js", "sap/m/ResponsivePopover.js", "sap/m/ScreenSize.js", "sap/m/SearchField.js", "sap/m/SelectList.js", "sap/m/Table.js", "sap/m/Text.js", "sap/m/Toolbar.js", "sap/m/ToolbarSpacer.js", "sap/ui/Device.js", "sap/ui/base/DataType.js", "sap/ui/base/EventProvider.js", "sap/ui/base/ManagedObject.js", "sap/ui/base/Object.js", "sap/ui/core/Component.js", "sap/ui/core/Control.js", "sap/ui/core/InvisibleText.js", "sap/ui/core/ListItem.js", "sap/ui/core/TextAlign.js", "sap/ui/core/ValueState.js", "sap/ui/core/mvc/Controller.js", "sap/ui/core/mvc/View.js", "sap/ui/core/mvc/XMLView.js", "sap/ui/layout/Grid.js", "sap/ui/layout/HorizontalLayout.js", "sap/ui/model/Context.js", "sap/ui/model/Filter.js", "sap/ui/model/json/JSONModel.js", "sap/ui/thirdparty/URI.js"],
      "includes" : ["sap/ui/fl/Cache.js", "sap/ui/fl/Change.js", "sap/ui/fl/ChangePersistence.js", "sap/ui/fl/ChangePersistenceFactory.js", "sap/ui/fl/DefaultVariant.js", "sap/ui/fl/EventHistory.js", "sap/ui/fl/FakeLrepConnector.js", "sap/ui/fl/FakeLrepConnectorLocalStorage.js", "sap/ui/fl/FakeLrepLocalStorage.js", "sap/ui/fl/FlexController.js", "sap/ui/fl/FlexControllerFactory.js", "sap/ui/fl/LrepConnector.js", "sap/ui/fl/Persistence.js", "sap/ui/fl/Preprocessor.js", "sap/ui/fl/PreprocessorImpl.js", "sap/ui/fl/RegistrationDelegator.js", "sap/ui/fl/StandardVariant.js", "sap/ui/fl/Utils.js", "sap/ui/fl/XmlPreprocessorImpl.js", "sap/ui/fl/changeHandler/Base.js", "sap/ui/fl/changeHandler/BaseRename.js", "sap/ui/fl/changeHandler/BaseTreeModifier.js", "sap/ui/fl/changeHandler/ChangeHandlerMediator.js", "sap/ui/fl/changeHandler/HideControl.js", "sap/ui/fl/changeHandler/JsControlTreeModifier.js", "sap/ui/fl/changeHandler/MoveControls.js", "sap/ui/fl/changeHandler/MoveElements.js", "sap/ui/fl/changeHandler/PropertyBindingChange.js", "sap/ui/fl/changeHandler/PropertyChange.js", "sap/ui/fl/changeHandler/StashControl.js", "sap/ui/fl/changeHandler/UnhideControl.js", "sap/ui/fl/changeHandler/UnstashControl.js", "sap/ui/fl/changeHandler/XmlTreeModifier.js", "sap/ui/fl/codeExt/CodeExtManager.js", "sap/ui/fl/context/BaseContextProvider.js", "sap/ui/fl/context/Context.js", "sap/ui/fl/context/ContextManager.js", "sap/ui/fl/context/DeviceContextProvider.js", "sap/ui/fl/context/SwitchContextProvider.js", "sap/ui/fl/core/EventDelegate.js", "sap/ui/fl/core/FlexVisualizer.js", "sap/ui/fl/descriptorRelated/api/DescriptorChangeFactory.js", "sap/ui/fl/descriptorRelated/api/DescriptorInlineChangeFactory.js", "sap/ui/fl/descriptorRelated/api/DescriptorVariantFactory.js", "sap/ui/fl/descriptorRelated/internal/Utils.js", "sap/ui/fl/fieldExt/Access.js", "sap/ui/fl/library.js", "sap/ui/fl/manifest.json", "sap/ui/fl/registry/ChangeHandlerRegistration.js", "sap/ui/fl/registry/ChangeRegistry.js", "sap/ui/fl/registry/ChangeRegistryItem.js", "sap/ui/fl/registry/ChangeTypeMetadata.js", "sap/ui/fl/registry/Settings.js", "sap/ui/fl/registry/SimpleChanges.js", "sap/ui/fl/transport/TransportDialog.js", "sap/ui/fl/transport/TransportSelection.js", "sap/ui/fl/transport/Transports.js", "sap/ui/fl/variants/VariantController.js", "sap/ui/fl/variants/VariantManagement.designtime.js", "sap/ui/fl/variants/VariantManagement.js", "sap/ui/fl/variants/VariantModel.js"]
    },
    {
      "name" : "sap/ui/fl/library-preload.json",
      "size" : 0,
      "required" : ["jquery.sap.global.js", "jquery.sap.storage.js", "sap/m/Bar.js", "sap/m/Button.js", "sap/m/ButtonType.js", "sap/m/CheckBox.js", "sap/m/Column.js", "sap/m/ColumnListItem.js", "sap/m/ComboBox.js", "sap/m/Dialog.js", "sap/m/DialogRenderer.js", "sap/m/Input.js", "sap/m/InputListItem.js", "sap/m/Label.js", "sap/m/List.js", "sap/m/MessageToast.js", "sap/m/ObjectIdentifier.js", "sap/m/OverflowToolbar.js", "sap/m/OverflowToolbarLayoutData.js", "sap/m/OverflowToolbarPriority.js", "sap/m/Page.js", "sap/m/PlacementType.js", "sap/m/PopinDisplay.js", "sap/m/RadioButton.js", "sap/m/ResponsivePopover.js", "sap/m/ScreenSize.js", "sap/m/SearchField.js", "sap/m/SelectList.js", "sap/m/Table.js", "sap/m/Text.js", "sap/m/Toolbar.js", "sap/m/ToolbarSpacer.js", "sap/m/library-preload.json", "sap/ui/Device.js", "sap/ui/base/DataType.js", "sap/ui/base/EventProvider.js", "sap/ui/base/ManagedObject.js", "sap/ui/base/Object.js", "sap/ui/core/Component.js", "sap/ui/core/Control.js", "sap/ui/core/InvisibleText.js", "sap/ui/core/ListItem.js", "sap/ui/core/TextAlign.js", "sap/ui/core/ValueState.js", "sap/ui/core/library-preload.json", "sap/ui/core/mvc/Controller.js", "sap/ui/core/mvc/View.js", "sap/ui/core/mvc/XMLView.js", "sap/ui/layout/Grid.js", "sap/ui/layout/HorizontalLayout.js", "sap/ui/model/Context.js", "sap/ui/model/Filter.js", "sap/ui/model/json/JSONModel.js", "sap/ui/thirdparty/URI.js"],
      "includes" : ["sap/ui/fl/Cache.js", "sap/ui/fl/Change.js", "sap/ui/fl/ChangePersistence.js", "sap/ui/fl/ChangePersistenceFactory.js", "sap/ui/fl/DefaultVariant.js", "sap/ui/fl/EventHistory.js", "sap/ui/fl/FakeLrepConnector.js", "sap/ui/fl/FakeLrepConnectorLocalStorage.js", "sap/ui/fl/FakeLrepLocalStorage.js", "sap/ui/fl/FlexController.js", "sap/ui/fl/FlexControllerFactory.js", "sap/ui/fl/LrepConnector.js", "sap/ui/fl/Persistence.js", "sap/ui/fl/Preprocessor.js", "sap/ui/fl/PreprocessorImpl.js", "sap/ui/fl/RegistrationDelegator.js", "sap/ui/fl/StandardVariant.js", "sap/ui/fl/Utils.js", "sap/ui/fl/XmlPreprocessorImpl.js", "sap/ui/fl/changeHandler/Base.js", "sap/ui/fl/changeHandler/BaseRename.js", "sap/ui/fl/changeHandler/BaseTreeModifier.js", "sap/ui/fl/changeHandler/ChangeHandlerMediator.js", "sap/ui/fl/changeHandler/HideControl.js", "sap/ui/fl/changeHandler/JsControlTreeModifier.js", "sap/ui/fl/changeHandler/MoveControls.js", "sap/ui/fl/changeHandler/MoveElements.js", "sap/ui/fl/changeHandler/PropertyBindingChange.js", "sap/ui/fl/changeHandler/PropertyChange.js", "sap/ui/fl/changeHandler/StashControl.js", "sap/ui/fl/changeHandler/UnhideControl.js", "sap/ui/fl/changeHandler/UnstashControl.js", "sap/ui/fl/changeHandler/XmlTreeModifier.js", "sap/ui/fl/codeExt/CodeExtManager.js", "sap/ui/fl/context/BaseContextProvider.js", "sap/ui/fl/context/Context.js", "sap/ui/fl/context/ContextManager.js", "sap/ui/fl/context/DeviceContextProvider.js", "sap/ui/fl/context/SwitchContextProvider.js", "sap/ui/fl/core/EventDelegate.js", "sap/ui/fl/core/FlexVisualizer.js", "sap/ui/fl/descriptorRelated/api/DescriptorChangeFactory.js", "sap/ui/fl/descriptorRelated/api/DescriptorInlineChangeFactory.js", "sap/ui/fl/descriptorRelated/api/DescriptorVariantFactory.js", "sap/ui/fl/descriptorRelated/internal/Utils.js", "sap/ui/fl/fieldExt/Access.js", "sap/ui/fl/library.js", "sap/ui/fl/manifest.json", "sap/ui/fl/registry/ChangeHandlerRegistration.js", "sap/ui/fl/registry/ChangeRegistry.js", "sap/ui/fl/registry/ChangeRegistryItem.js", "sap/ui/fl/registry/ChangeTypeMetadata.js", "sap/ui/fl/registry/Settings.js", "sap/ui/fl/registry/SimpleChanges.js", "sap/ui/fl/transport/TransportDialog.js", "sap/ui/fl/transport/TransportSelection.js", "sap/ui/fl/transport/Transports.js", "sap/ui/fl/variants/VariantController.js", "sap/ui/fl/variants/VariantManagement.designtime.js", "sap/ui/fl/variants/VariantManagement.js", "sap/ui/fl/variants/VariantModel.js"]
    },
    {
      "name" : "sap/ui/fl/library.js",
      "description" : "! UI development toolkit for HTML5 (OpenUI5) (c) Copyright 2009-2017 SAP SE or an SAP affiliate company. Licensed under the Apache License, Version 2.0 - see LICENSE.txt.",
      "size" : 823,
      "compressedSize" : 490,
      "required" : ["jquery.sap.global.js", "sap/ui/fl/RegistrationDelegator.js"],
      "includes" : []
    },
    {
      "name" : "sap/ui/fl/manifest.json",
      "size" : 805,
      "required" : [],
      "includes" : []
    },
    {
      "name" : "sap/ui/fl/messagebundle.properties",
      "size" : 4831,
      "required" : [],
      "includes" : []
    },
    {
      "name" : "sap/ui/fl/messagebundle_ar.properties",
      "size" : 1901,
      "required" : [],
      "includes" : []
    },
    {
      "name" : "sap/ui/fl/messagebundle_bg.properties",
      "size" : 2011,
      "required" : [],
      "includes" : []
    },
    {
      "name" : "sap/ui/fl/messagebundle_ca.properties",
      "size" : 1251,
      "required" : [],
      "includes" : []
    },
    {
      "name" : "sap/ui/fl/messagebundle_cs.properties",
      "size" : 1267,
      "required" : [],
      "includes" : []
    },
    {
      "name" : "sap/ui/fl/messagebundle_da.properties",
      "size" : 1215,
      "required" : [],
      "includes" : []
    },
    {
      "name" : "sap/ui/fl/messagebundle_de.properties",
      "size" : 1276,
      "required" : [],
      "includes" : []
    },
    {
      "name" : "sap/ui/fl/messagebundle_el.properties",
      "size" : 2204,
      "required" : [],
      "includes" : []
    },
    {
      "name" : "sap/ui/fl/messagebundle_en.properties",
      "size" : 1221,
      "required" : [],
      "includes" : []
    },
    {
      "name" : "sap/ui/fl/messagebundle_en_US_sappsd.properties",
      "size" : 2792,
      "required" : [],
      "includes" : []
    },
    {
      "name" : "sap/ui/fl/messagebundle_en_US_saptrc.properties",
      "size" : 1497,
      "required" : [],
      "includes" : []
    },
    {
      "name" : "sap/ui/fl/messagebundle_es.properties",
      "size" : 1254,
      "required" : [],
      "includes" : []
    },
    {
      "name" : "sap/ui/fl/messagebundle_et.properties",
      "size" : 1205,
      "required" : [],
      "includes" : []
    },
    {
      "name" : "sap/ui/fl/messagebundle_fi.properties",
      "size" : 1225,
      "required" : [],
      "includes" : []
    },
    {
      "name" : "sap/ui/fl/messagebundle_fr.properties",
      "size" : 1279,
      "required" : [],
      "includes" : []
    },
    {
      "name" : "sap/ui/fl/messagebundle_hi.properties",
      "size" : 2091,
      "required" : [],
      "includes" : []
    },
    {
      "name" : "sap/ui/fl/messagebundle_hr.properties",
      "size" : 1213,
      "required" : [],
      "includes" : []
    },
    {
      "name" : "sap/ui/fl/messagebundle_hu.properties",
      "size" : 1357,
      "required" : [],
      "includes" : []
    },
    {
      "name" : "sap/ui/fl/messagebundle_it.properties",
      "size" : 1254,
      "required" : [],
      "includes" : []
    },
    {
      "name" : "sap/ui/fl/messagebundle_iw.properties",
      "size" : 1869,
      "required" : [],
      "includes" : []
    },
    {
      "name" : "sap/ui/fl/messagebundle_ja.properties",
      "size" : 1493,
      "required" : [],
      "includes" : []
    },
    {
      "name" : "sap/ui/fl/messagebundle_kk.properties",
      "size" : 2036,
      "required" : [],
      "includes" : []
    },
    {
      "name" : "sap/ui/fl/messagebundle_ko.properties",
      "size" : 1560,
      "required" : [],
      "includes" : []
    },
    {
      "name" : "sap/ui/fl/messagebundle_lt.properties",
      "size" : 1293,
      "required" : [],
      "includes" : []
    },
    {
      "name" : "sap/ui/fl/messagebundle_lv.properties",
      "size" : 1331,
      "required" : [],
      "includes" : []
    },
    {
      "name" : "sap/ui/fl/messagebundle_ms.properties",
      "size" : 1190,
      "required" : [],
      "includes" : []
    },
    {
      "name" : "sap/ui/fl/messagebundle_nl.properties",
      "size" : 1240,
      "required" : [],
      "includes" : []
    },
    {
      "name" : "sap/ui/fl/messagebundle_no.properties",
      "size" : 1225,
      "required" : [],
      "includes" : []
    },
    {
      "name" : "sap/ui/fl/messagebundle_pl.properties",
      "size" : 1245,
      "required" : [],
      "includes" : []
    },
    {
      "name" : "sap/ui/fl/messagebundle_pt.properties",
      "size" : 1236,
      "required" : [],
      "includes" : []
    },
    {
      "name" : "sap/ui/fl/messagebundle_ro.properties",
      "size" : 1255,
      "required" : [],
      "includes" : []
    },
    {
      "name" : "sap/ui/fl/messagebundle_ru.properties",
      "size" : 2070,
      "required" : [],
      "includes" : []
    },
    {
      "name" : "sap/ui/fl/messagebundle_sh.properties",
      "size" : 1185,
      "required" : [],
      "includes" : []
    },
    {
      "name" : "sap/ui/fl/messagebundle_sk.properties",
      "size" : 1299,
      "required" : [],
      "includes" : []
    },
    {
      "name" : "sap/ui/fl/messagebundle_sl.properties",
      "size" : 1224,
      "required" : [],
      "includes" : []
    },
    {
      "name" : "sap/ui/fl/messagebundle_sv.properties",
      "size" : 1221,
      "required" : [],
      "includes" : []
    },
    {
      "name" : "sap/ui/fl/messagebundle_th.properties",
      "size" : 2067,
      "required" : [],
      "includes" : []
    },
    {
      "name" : "sap/ui/fl/messagebundle_tr.properties",
      "size" : 1269,
      "required" : [],
      "includes" : []
    },
    {
      "name" : "sap/ui/fl/messagebundle_uk.properties",
      "size" : 2122,
      "required" : [],
      "includes" : []
    },
    {
      "name" : "sap/ui/fl/messagebundle_vi.properties",
      "size" : 1402,
      "required" : [],
      "includes" : []
    },
    {
      "name" : "sap/ui/fl/messagebundle_zh_CN.properties",
      "size" : 1287,
      "required" : [],
      "includes" : []
    },
    {
      "name" : "sap/ui/fl/messagebundle_zh_TW.properties",
      "size" : 1305,
      "required" : [],
      "includes" : []
    },
    {
      "name" : "sap/ui/fl/registry/ChangeHandlerRegistration.js",
      "description" : "! UI development toolkit for HTML5 (OpenUI5) (c) Copyright 2009-2017 SAP SE or an SAP affiliate company. Licensed under the Apache License, Version 2.0 - see LICENSE.txt.",
      "size" : 1598,
      "compressedSize" : 1012,
      "required" : ["jquery.sap.global.js", "sap/ui/fl/registry/ChangeRegistry.js"],
      "includes" : []
    },
    {
      "name" : "sap/ui/fl/registry/ChangeRegistry.js",
      "description" : "! UI development toolkit for HTML5 (OpenUI5) (c) Copyright 2009-2017 SAP SE or an SAP affiliate company. Licensed under the Apache License, Version 2.0 - see LICENSE.txt.",
      "size" : 15842,
      "compressedSize" : 6491,
      "required" : ["jquery.sap.global.js", "sap/ui/fl/Utils.js", "sap/ui/fl/changeHandler/HideControl.js", "sap/ui/fl/changeHandler/MoveControls.js", "sap/ui/fl/changeHandler/MoveElements.js", "sap/ui/fl/changeHandler/PropertyBindingChange.js", "sap/ui/fl/changeHandler/PropertyChange.js", "sap/ui/fl/changeHandler/StashControl.js", "sap/ui/fl/changeHandler/UnhideControl.js", "sap/ui/fl/changeHandler/UnstashControl.js", "sap/ui/fl/registry/ChangeRegistryItem.js", "sap/ui/fl/registry/ChangeTypeMetadata.js", "sap/ui/fl/registry/Settings.js"],
      "includes" : []
    },
    {
      "name" : "sap/ui/fl/registry/ChangeRegistryItem.js",
      "description" : "! UI development toolkit for HTML5 (OpenUI5) (c) Copyright 2009-2017 SAP SE or an SAP affiliate company. Licensed under the Apache License, Version 2.0 - see LICENSE.txt.",
      "size" : 2966,
      "compressedSize" : 1199,
      "required" : ["jquery.sap.global.js", "sap/ui/fl/Utils.js"],
      "includes" : []
    },
    {
      "name" : "sap/ui/fl/registry/ChangeTypeMetadata.js",
      "description" : "! UI development toolkit for HTML5 (OpenUI5) (c) Copyright 2009-2017 SAP SE or an SAP affiliate company. Licensed under the Apache License, Version 2.0 - see LICENSE.txt.",
      "size" : 3976,
      "compressedSize" : 1300,
      "required" : ["jquery.sap.global.js", "sap/ui/fl/Utils.js"],
      "includes" : []
    },
    {
      "name" : "sap/ui/fl/registry/Settings.js",
      "description" : "global Error",
      "size" : 11420,
      "compressedSize" : 4163,
      "required" : ["jquery.sap.global.js", "sap/ui/base/EventProvider.js", "sap/ui/fl/Cache.js", "sap/ui/fl/LrepConnector.js", "sap/ui/fl/Utils.js"],
      "includes" : []
    },
    {
      "name" : "sap/ui/fl/registry/SimpleChanges.js",
      "description" : "! UI development toolkit for HTML5 (OpenUI5) (c) Copyright 2009-2017 SAP SE or an SAP affiliate company. Licensed under the Apache License, Version 2.0 - see LICENSE.txt.",
      "size" : 1963,
      "compressedSize" : 1096,
      "required" : ["jquery.sap.global.js", "sap/ui/fl/changeHandler/HideControl.js", "sap/ui/fl/changeHandler/MoveControls.js", "sap/ui/fl/changeHandler/MoveElements.js", "sap/ui/fl/changeHandler/PropertyBindingChange.js", "sap/ui/fl/changeHandler/PropertyChange.js", "sap/ui/fl/changeHandler/StashControl.js", "sap/ui/fl/changeHandler/UnhideControl.js", "sap/ui/fl/changeHandler/UnstashControl.js"],
      "includes" : []
    },
    {
      "name" : "sap/ui/fl/support/Flexibility.js",
      "description" : "Provides class sap.ui.fl.support.Flexibility",
      "size" : 6777,
      "compressedSize" : 3026,
      "required" : ["jquery.sap.global.js", "sap/ui/core/support/Plugin.js", "sap/ui/core/support/Support.js", "sap/ui/fl/Utils.js", "sap/ui/model/json/JSONModel.js"],
      "includes" : [],
      "excludeFromAllInOne" : true
    },
    {
      "name" : "sap/ui/fl/support/Flexibility.view.xml",
      "size" : 2372,
      "required" : ["sap/m/Column.js", "sap/m/ColumnListItem.js", "sap/m/CustomListItem.js", "sap/m/List.js", "sap/m/Panel.js", "sap/m/Table.js", "sap/m/Text.js", "sap/m/Title.js", "sap/m/Toolbar.js", "sap/ui/core/Icon.js", "sap/ui/core/mvc/XMLView.js"],
      "includes" : [],
      "excludeFromAllInOne" : true
    },
    {
      "name" : "sap/ui/fl/support/apps/contentbrowser/Component.js",
      "description" : "! UI development toolkit for HTML5 (OpenUI5) (c) Copyright 2009-2017 SAP SE or an SAP affiliate company. Licensed under the Apache License, Version 2.0 - see LICENSE.txt.",
      "size" : 2011,
      "compressedSize" : 1276,
      "required" : ["jquery.sap.global.js", "sap/ui/core/UIComponent.js"],
      "includes" : [],
      "excludeFromAllInOne" : true
    },
    {
      "name" : "sap/ui/fl/support/apps/contentbrowser/controller/ContentDetails.controller.js",
      "description" : "! UI development toolkit for HTML5 (OpenUI5) (c) Copyright 2009-2017 SAP SE or an SAP affiliate company. Licensed under the Apache License, Version 2.0 - see LICENSE.txt.",
      "size" : 7262,
      "compressedSize" : 3124,
      "required" : ["jquery.sap.global.js", "sap/m/Button.js", "sap/m/Dialog.js", "sap/m/Text.js", "sap/ui/core/mvc/Controller.js", "sap/ui/fl/support/apps/contentbrowser/lrepConnector/LRepConnector.js", "sap/ui/fl/support/apps/contentbrowser/utils/DataUtils.js"],
      "includes" : [],
      "excludeFromAllInOne" : true
    },
    {
      "name" : "sap/ui/fl/support/apps/contentbrowser/controller/ContentDetailsEdit.controller.js",
      "description" : "! UI development toolkit for HTML5 (OpenUI5) (c) Copyright 2009-2017 SAP SE or an SAP affiliate company. Licensed under the Apache License, Version 2.0 - see LICENSE.txt.",
      "size" : 5482,
      "compressedSize" : 2178,
      "required" : ["jquery.sap.global.js", "sap/ui/core/mvc/Controller.js", "sap/ui/fl/support/apps/contentbrowser/lrepConnector/LRepConnector.js", "sap/ui/fl/support/apps/contentbrowser/utils/DataUtils.js"],
      "includes" : [],
      "excludeFromAllInOne" : true
    },
    {
      "name" : "sap/ui/fl/support/apps/contentbrowser/controller/LayerContentMaster.controller.js",
      "description" : "! UI development toolkit for HTML5 (OpenUI5) (c) Copyright 2009-2017 SAP SE or an SAP affiliate company. Licensed under the Apache License, Version 2.0 - see LICENSE.txt.",
      "size" : 6658,
      "compressedSize" : 2873,
      "required" : ["jquery.sap.global.js", "sap/ui/core/UIComponent.js", "sap/ui/core/mvc/Controller.js", "sap/ui/fl/support/apps/contentbrowser/lrepConnector/LRepConnector.js", "sap/ui/fl/support/apps/contentbrowser/utils/DataUtils.js", "sap/ui/model/Filter.js", "sap/ui/model/FilterOperator.js"],
      "includes" : [],
      "excludeFromAllInOne" : true
    },
    {
      "name" : "sap/ui/fl/support/apps/contentbrowser/controller/Layers.controller.js",
      "description" : "! UI development toolkit for HTML5 (OpenUI5) (c) Copyright 2009-2017 SAP SE or an SAP affiliate company. Licensed under the Apache License, Version 2.0 - see LICENSE.txt.",
      "size" : 1432,
      "compressedSize" : 739,
      "required" : ["jquery.sap.global.js", "sap/ui/core/mvc/Controller.js", "sap/ui/fl/support/apps/contentbrowser/utils/ErrorUtils.js"],
      "includes" : [],
      "excludeFromAllInOne" : true
    },
    {
      "name" : "sap/ui/fl/support/apps/contentbrowser/i18n/i18n.properties",
      "size" : 1120,
      "required" : [],
      "includes" : [],
      "excludeFromAllInOne" : true
    },
    {
      "name" : "sap/ui/fl/support/apps/contentbrowser/lrepConnector/LRepConnector.js",
      "description" : "! UI development toolkit for HTML5 (OpenUI5) (c) Copyright 2009-2017 SAP SE or an SAP affiliate company. Licensed under the Apache License, Version 2.0 - see LICENSE.txt.",
      "size" : 10413,
      "compressedSize" : 2880,
      "required" : ["jquery.sap.global.js", "sap/ui/fl/Utils.js", "sap/ui/fl/support/apps/contentbrowser/utils/ErrorUtils.js"],
      "includes" : [],
      "excludeFromAllInOne" : true
    },
    {
      "name" : "sap/ui/fl/support/apps/contentbrowser/manifest.json",
      "size" : 2867,
      "required" : [],
      "includes" : [],
      "excludeFromAllInOne" : true
    },
    {
      "name" : "sap/ui/fl/support/apps/contentbrowser/utils/DataUtils.js",
      "description" : "! UI development toolkit for HTML5 (OpenUI5) (c) Copyright 2009-2017 SAP SE or an SAP affiliate company. Licensed under the Apache License, Version 2.0 - see LICENSE.txt.",
      "size" : 4461,
      "compressedSize" : 1449,
      "required" : ["jquery.sap.global.js", "sap/m/GroupHeaderListItem.js"],
      "includes" : [],
      "excludeFromAllInOne" : true
    },
    {
      "name" : "sap/ui/fl/support/apps/contentbrowser/utils/ErrorUtils.js",
      "description" : "! UI development toolkit for HTML5 (OpenUI5) (c) Copyright 2009-2017 SAP SE or an SAP affiliate company. Licensed under the Apache License, Version 2.0 - see LICENSE.txt.",
      "size" : 2474,
      "compressedSize" : 1154,
      "required" : ["jquery.sap.global.js", "sap/m/MessagePopover.js", "sap/m/MessagePopoverItem.js"],
      "includes" : [],
      "excludeFromAllInOne" : true
    },
    {
      "name" : "sap/ui/fl/support/apps/contentbrowser/view/ContentDetails.view.xml",
      "size" : 1552,
      "required" : ["sap/m/Button.js", "sap/m/DisplayListItem.js", "sap/m/IconTabBar.js", "sap/m/IconTabFilter.js", "sap/m/List.js", "sap/m/Page.js", "sap/m/Text.js", "sap/m/Toolbar.js", "sap/m/ToolbarSpacer.js", "sap/ui/core/mvc/XMLView.js", "sap/ui/fl/support/apps/contentbrowser/controller/ContentDetails.controller.js", "sap/ui/layout/form/SimpleForm.js"],
      "includes" : [],
      "excludeFromAllInOne" : true
    },
    {
      "name" : "sap/ui/fl/support/apps/contentbrowser/view/ContentDetailsEdit.view.xml",
      "size" : 841,
      "required" : ["sap/m/Button.js", "sap/m/Page.js", "sap/m/TextArea.js", "sap/m/Toolbar.js", "sap/m/ToolbarSpacer.js", "sap/ui/core/mvc/XMLView.js", "sap/ui/fl/support/apps/contentbrowser/controller/ContentDetailsEdit.controller.js", "sap/ui/layout/form/SimpleForm.js"],
      "includes" : [],
      "excludeFromAllInOne" : true
    },
    {
      "name" : "sap/ui/fl/support/apps/contentbrowser/view/EmptyDetails.view.xml",
      "size" : 151,
      "required" : ["sap/m/Page.js", "sap/ui/core/mvc/XMLView.js"],
      "includes" : [],
      "excludeFromAllInOne" : true
    },
    {
      "name" : "sap/ui/fl/support/apps/contentbrowser/view/LayerContentMaster.view.xml",
      "size" : 1221,
      "required" : ["sap/m/Button.js", "sap/m/List.js", "sap/m/Page.js", "sap/m/SearchField.js", "sap/m/StandardListItem.js", "sap/m/Toolbar.js", "sap/ui/core/mvc/XMLView.js", "sap/ui/fl/support/apps/contentbrowser/controller/LayerContentMaster.controller.js"],
      "includes" : [],
      "excludeFromAllInOne" : true
    },
    {
      "name" : "sap/ui/fl/support/apps/contentbrowser/view/Layers.view.xml",
      "size" : 707,
      "required" : ["sap/m/Button.js", "sap/m/List.js", "sap/m/Page.js", "sap/m/StandardListItem.js", "sap/m/Toolbar.js", "sap/ui/core/mvc/XMLView.js", "sap/ui/fl/support/apps/contentbrowser/controller/Layers.controller.js"],
      "includes" : [],
      "excludeFromAllInOne" : true
    },
    {
      "name" : "sap/ui/fl/support/apps/contentbrowser/view/MainView.view.xml",
      "size" : 197,
      "required" : ["sap/m/SplitApp.js", "sap/ui/core/mvc/XMLView.js"],
      "includes" : [],
      "excludeFromAllInOne" : true
    },
    {
      "name" : "sap/ui/fl/transport/TransportDialog.js",
      "description" : "Provides control sap.ui.fl.transport.TransportDialog.",
      "size" : 14493,
      "compressedSize" : 6476,
      "required" : ["jquery.sap.global.js", "sap/m/Button.js", "sap/m/ComboBox.js", "sap/m/Dialog.js", "sap/m/DialogRenderer.js", "sap/m/Input.js", "sap/m/InputListItem.js", "sap/m/Label.js", "sap/m/List.js", "sap/m/MessageToast.js", "sap/ui/core/ListItem.js", "sap/ui/fl/transport/Transports.js"],
      "includes" : []
    },
    {
      "name" : "sap/ui/fl/transport/TransportSelection.js",
      "description" : "UI development toolkit for HTML5 (OpenUI5) (c) Copyright 2009-2017 SAP SE or an SAP affiliate company. Licensed under the Apache License, Version 2.0 - see LICENSE.txt.",
      "size" : 13351,
      "compressedSize" : 3185,
      "required" : ["jquery.sap.global.js", "sap/ui/fl/Utils.js", "sap/ui/fl/registry/Settings.js", "sap/ui/fl/transport/TransportDialog.js", "sap/ui/fl/transport/Transports.js"],
      "includes" : []
    },
    {
      "name" : "sap/ui/fl/transport/Transports.js",
      "description" : "global Promise",
      "size" : 4628,
      "compressedSize" : 1534,
      "required" : ["jquery.sap.global.js", "sap/ui/fl/LrepConnector.js", "sap/ui/fl/Utils.js"],
      "includes" : []
    },
    {
      "name" : "sap/ui/fl/variants/VariantController.js",
      "description" : "! UI development toolkit for HTML5 (OpenUI5) (c) Copyright 2009-2017 SAP SE or an SAP affiliate company. Licensed under the Apache License, Version 2.0 - see LICENSE.txt.",
      "size" : 6721,
      "compressedSize" : 2513,
      "required" : ["jquery.sap.global.js", "sap/ui/fl/Change.js", "sap/ui/fl/Utils.js"],
      "includes" : []
    },
    {
      "name" : "sap/ui/fl/variants/VariantManagement.designtime.js",
      "description" : "Provides the Design Time Metadata for the sap.ui.fl.variants.VariantManagement control.",
      "size" : 915,
      "compressedSize" : 583,
      "required" : ["jquery.sap.global.js"],
      "includes" : []
    },
    {
      "name" : "sap/ui/fl/variants/VariantManagement.js",
      "description" : "Provides control sap.ui.fl.variants.VariantManagement.",
      "size" : 45648,
      "compressedSize" : 27491,
      "required" : ["jquery.sap.global.js", "sap/m/Bar.js", "sap/m/Button.js", "sap/m/ButtonType.js", "sap/m/CheckBox.js", "sap/m/Column.js", "sap/m/ColumnListItem.js", "sap/m/Dialog.js", "sap/m/Input.js", "sap/m/Label.js", "sap/m/ObjectIdentifier.js", "sap/m/OverflowToolbar.js", "sap/m/OverflowToolbarLayoutData.js", "sap/m/OverflowToolbarPriority.js", "sap/m/Page.js", "sap/m/PlacementType.js", "sap/m/PopinDisplay.js", "sap/m/RadioButton.js", "sap/m/ResponsivePopover.js", "sap/m/ScreenSize.js", "sap/m/SearchField.js", "sap/m/SelectList.js", "sap/m/Table.js", "sap/m/Text.js", "sap/m/Toolbar.js", "sap/m/ToolbarSpacer.js", "sap/ui/Device.js", "sap/ui/core/Control.js", "sap/ui/core/InvisibleText.js", "sap/ui/core/TextAlign.js", "sap/ui/core/ValueState.js", "sap/ui/fl/Utils.js", "sap/ui/fl/changeHandler/BaseTreeModifier.js", "sap/ui/fl/transport/TransportSelection.js", "sap/ui/layout/Grid.js", "sap/ui/layout/HorizontalLayout.js", "sap/ui/model/Context.js", "sap/ui/model/Filter.js", "sap/ui/model/json/JSONModel.js"],
      "includes" : []
    },
    {
      "name" : "sap/ui/fl/variants/VariantModel.js",
      "description" : "! UI development toolkit for HTML5 (OpenUI5) (c) Copyright 2009-2017 SAP SE or an SAP affiliate company. Licensed under the Apache License, Version 2.0 - see LICENSE.txt.",
      "size" : 4054,
      "compressedSize" : 1327,
      "required" : ["jquery.sap.global.js", "sap/ui/fl/Utils.js", "sap/ui/model/json/JSONModel.js"],
      "includes" : []
    }
  ]
}
