<?xml version="1.0" ?>
<library  version="2.0" name="sap.ui.fl">
  <module name="sap/ui/fl/Cache.js" size="8888" compressedSize="2072">
    <description>! UI development toolkit for HTML5 (OpenUI5) (c) Copyright 2009-2017 SAP SE or an SAP affiliate company. Licensed under the Apache License, Version 2.0 - see LICENSE.txt.</description>
    <requires>
      <module name="jquery.sap.global.js"/>
      <module name="sap/ui/fl/Utils.js"/>
    </requires>
  </module>
  <module name="sap/ui/fl/Change.js" size="21823" compressedSize="7644">
    <description>! UI development toolkit for HTML5 (OpenUI5) (c) Copyright 2009-2017 SAP SE or an SAP affiliate company. Licensed under the Apache License, Version 2.0 - see LICENSE.txt.</description>
    <requires>
      <module name="jquery.sap.global.js"/>
      <module name="sap/ui/base/ManagedObject.js"/>
      <module name="sap/ui/fl/Utils.js"/>
      <module name="sap/ui/fl/registry/Settings.js"/>
    </requires>
  </module>
  <module name="sap/ui/fl/ChangePersistence.js" size="24068" compressedSize="8639">
    <description>! UI development toolkit for HTML5 (OpenUI5) (c) Copyright 2009-2017 SAP SE or an SAP affiliate company. Licensed under the Apache License, Version 2.0 - see LICENSE.txt.</description>
    <requires>
      <module name="jquery.sap.global.js"/>
      <module name="sap/ui/fl/Cache.js"/>
      <module name="sap/ui/fl/Change.js"/>
      <module name="sap/ui/fl/LrepConnector.js"/>
      <module name="sap/ui/fl/Utils.js"/>
      <module name="sap/ui/fl/context/ContextManager.js"/>
      <module name="sap/ui/fl/registry/Settings.js"/>
      <module name="sap/ui/fl/variants/VariantController.js"/>
    </requires>
  </module>
  <module name="sap/ui/fl/ChangePersistenceFactory.js" size="8463" compressedSize="2554">
    <description>! UI development toolkit for HTML5 (OpenUI5) (c) Copyright 2009-2017 SAP SE or an SAP affiliate company. Licensed under the Apache License, Version 2.0 - see LICENSE.txt.</description>
    <requires>
      <module name="jquery.sap.global.js"/>
      <module name="sap/ui/core/Component.js"/>
      <module name="sap/ui/fl/ChangePersistence.js"/>
      <module name="sap/ui/fl/Utils.js"/>
    </requires>
  </module>
  <module name="sap/ui/fl/DefaultVariant.js" size="5201" compressedSize="1566">
    <description>! UI development toolkit for HTML5 (OpenUI5) (c) Copyright 2009-2017 SAP SE or an SAP affiliate company. Licensed under the Apache License, Version 2.0 - see LICENSE.txt.</description>
    <requires>
      <module name="jquery.sap.global.js"/>
      <module name="sap/ui/fl/Change.js"/>
    </requires>
  </module>
  <module name="sap/ui/fl/EventHistory.js" size="2198" compressedSize="934">
    <description>! UI development toolkit for HTML5 (OpenUI5) (c) Copyright 2009-2017 SAP SE or an SAP affiliate company. Licensed under the Apache License, Version 2.0 - see LICENSE.txt.</description>
    <requires>
      <module name="jquery.sap.global.js"/>
    </requires>
  </module>
  <module name="sap/ui/fl/FakeLrepConnector.js" size="7536" compressedSize="2796">
    <description>! UI development toolkit for HTML5 (OpenUI5) (c) Copyright 2009-2017 SAP SE or an SAP affiliate company. Licensed under the Apache License, Version 2.0 - see LICENSE.txt.</description>
    <requires>
      <module name="jquery.sap.global.js"/>
      <module name="sap/ui/fl/Cache.js"/>
      <module name="sap/ui/fl/ChangePersistenceFactory.js"/>
      <module name="sap/ui/fl/LrepConnector.js"/>
      <module name="sap/ui/fl/Utils.js"/>
      <module name="sap/ui/thirdparty/URI.js"/>
    </requires>
  </module>
  <module name="sap/ui/fl/FakeLrepConnectorLocalStorage.js" size="8207" compressedSize="2559">
    <description>! UI development toolkit for HTML5 (OpenUI5) (c) Copyright 2009-2017 SAP SE or an SAP affiliate company. Licensed under the Apache License, Version 2.0 - see LICENSE.txt.</description>
    <requires>
      <module name="jquery.sap.global.js"/>
      <module name="sap/ui/fl/Cache.js"/>
      <module name="sap/ui/fl/ChangePersistenceFactory.js"/>
      <module name="sap/ui/fl/FakeLrepConnector.js"/>
      <module name="sap/ui/fl/FakeLrepLocalStorage.js"/>
      <module name="sap/ui/fl/LrepConnector.js"/>
    </requires>
  </module>
  <module name="sap/ui/fl/FakeLrepLocalStorage.js" size="3869" compressedSize="1517">
    <description>! UI development toolkit for HTML5 (OpenUI5) (c) Copyright 2009-2017 SAP SE or an SAP affiliate company. Licensed under the Apache License, Version 2.0 - see LICENSE.txt.</description>
    <requires>
      <module name="jquery.sap.global.js"/>
    </requires>
  </module>
  <module name="sap/ui/fl/FlexController.js" size="35356" compressedSize="12529">
    <description>! UI development toolkit for HTML5 (OpenUI5) (c) Copyright 2009-2017 SAP SE or an SAP affiliate company. Licensed under the Apache License, Version 2.0 - see LICENSE.txt.</description>
    <requires>
      <module name="jquery.sap.global.js"/>
      <module name="sap/ui/core/mvc/View.js"/>
      <module name="sap/ui/fl/Cache.js"/>
      <module name="sap/ui/fl/Change.js"/>
      <module name="sap/ui/fl/ChangePersistenceFactory.js"/>
      <module name="sap/ui/fl/LrepConnector.js"/>
      <module name="sap/ui/fl/Persistence.js"/>
      <module name="sap/ui/fl/Utils.js"/>
      <module name="sap/ui/fl/changeHandler/JsControlTreeModifier.js"/>
      <module name="sap/ui/fl/changeHandler/XmlTreeModifier.js"/>
      <module name="sap/ui/fl/context/ContextManager.js"/>
      <module name="sap/ui/fl/registry/ChangeRegistry.js"/>
      <module name="sap/ui/fl/registry/Settings.js"/>
    </requires>
  </module>
  <module name="sap/ui/fl/FlexControllerFactory.js" size="3419" compressedSize="1119">
    <description>! UI development toolkit for HTML5 (OpenUI5) (c) Copyright 2009-2017 SAP SE or an SAP affiliate company. Licensed under the Apache License, Version 2.0 - see LICENSE.txt.</description>
    <requires>
      <module name="jquery.sap.global.js"/>
      <module name="sap/ui/fl/ChangePersistenceFactory.js"/>
      <module name="sap/ui/fl/FlexController.js"/>
      <module name="sap/ui/fl/Utils.js"/>
      <module name="sap/ui/fl/variants/VariantModel.js"/>
    </requires>
  </module>
  <module name="sap/ui/fl/LrepConnector.js" size="24947" compressedSize="7994">
    <description>! UI development toolkit for HTML5 (OpenUI5) (c) Copyright 2009-2017 SAP SE or an SAP affiliate company. Licensed under the Apache License, Version 2.0 - see LICENSE.txt.</description>
    <requires>
      <module name="jquery.sap.global.js"/>
      <module name="sap/ui/fl/Utils.js"/>
      <module name="sap/ui/thirdparty/URI.js"/>
    </requires>
  </module>
  <module name="sap/ui/fl/Persistence.js" size="23295" compressedSize="9014">
    <description>! UI development toolkit for HTML5 (OpenUI5) (c) Copyright 2009-2017 SAP SE or an SAP affiliate company. Licensed under the Apache License, Version 2.0 - see LICENSE.txt.</description>
    <requires>
      <module name="jquery.sap.global.js"/>
      <module name="sap/ui/fl/Cache.js"/>
      <module name="sap/ui/fl/Change.js"/>
      <module name="sap/ui/fl/DefaultVariant.js"/>
      <module name="sap/ui/fl/LrepConnector.js"/>
      <module name="sap/ui/fl/StandardVariant.js"/>
      <module name="sap/ui/fl/Utils.js"/>
    </requires>
  </module>
  <module name="sap/ui/fl/Preprocessor.js" size="760" compressedSize="324">
    <description>Provides object sap.ui.fl.Processor</description>
    <requires>
      <module name="jquery.sap.global.js"/>
      <module name="sap/ui/base/Object.js"/>
    </requires>
  </module>
  <module name="sap/ui/fl/PreprocessorImpl.js" size="3082" compressedSize="1485">
    <description>Provides object sap.ui.fl.ProcessorImpl</description>
    <requires>
      <module name="jquery.sap.global.js"/>
      <module name="sap/ui/core/Component.js"/>
      <module name="sap/ui/fl/ChangePersistenceFactory.js"/>
      <module name="sap/ui/fl/FlexControllerFactory.js"/>
      <module name="sap/ui/fl/LrepConnector.js"/>
      <module name="sap/ui/fl/Utils.js"/>
    </requires>
  </module>
  <module name="sap/ui/fl/RegistrationDelegator.js" size="2685" compressedSize="1270">
    <description>Provides object sap.ui.fl.RegistrationDelegator</description>
    <requires>
      <module name="jquery.sap.global.js"/>
      <module name="sap/ui/core/Component.js"/>
      <module name="sap/ui/core/mvc/Controller.js"/>
      <module name="sap/ui/core/mvc/XMLView.js"/>
      <module name="sap/ui/fl/ChangePersistenceFactory.js"/>
      <module name="sap/ui/fl/EventHistory.js"/>
      <module name="sap/ui/fl/FlexControllerFactory.js"/>
      <module name="sap/ui/fl/registry/ChangeHandlerRegistration.js"/>
    </requires>
  </module>
  <module name="sap/ui/fl/StandardVariant.js" size="5270" compressedSize="1565">
    <description>! UI development toolkit for HTML5 (OpenUI5) (c) Copyright 2009-2017 SAP SE or an SAP affiliate company. Licensed under the Apache License, Version 2.0 - see LICENSE.txt.</description>
    <requires>
      <module name="jquery.sap.global.js"/>
      <module name="sap/ui/fl/Change.js"/>
    </requires>
  </module>
  <module name="sap/ui/fl/Utils.js" size="29990" compressedSize="9142">
    <description>! UI development toolkit for HTML5 (OpenUI5) (c) Copyright 2009-2017 SAP SE or an SAP affiliate company. Licensed under the Apache License, Version 2.0 - see LICENSE.txt.</description>
    <requires>
      <module name="jquery.sap.global.js"/>
      <module name="sap/ui/core/Component.js"/>
    </requires>
  </module>
  <module name="sap/ui/fl/XmlPreprocessorImpl.js" size="4499" compressedSize="2052">
    <description>! UI development toolkit for HTML5 (OpenUI5) (c) Copyright 2009-2017 SAP SE or an SAP affiliate company. Licensed under the Apache License, Version 2.0 - see LICENSE.txt.</description>
    <requires>
      <module name="jquery.sap.global.js"/>
      <module name="sap/ui/core/Component.js"/>
      <module name="sap/ui/fl/ChangePersistence.js"/>
      <module name="sap/ui/fl/ChangePersistenceFactory.js"/>
      <module name="sap/ui/fl/FlexControllerFactory.js"/>
      <module name="sap/ui/fl/LrepConnector.js"/>
      <module name="sap/ui/fl/Utils.js"/>
    </requires>
  </module>
  <module name="sap/ui/fl/changeHandler/Base.js" size="1001" compressedSize="382">
    <description>! UI development toolkit for HTML5 (OpenUI5) (c) Copyright 2009-2017 SAP SE or an SAP affiliate company. Licensed under the Apache License, Version 2.0 - see LICENSE.txt.</description>
    <requires>
      <module name="jquery.sap.global.js"/>
    </requires>
  </module>
  <module name="sap/ui/fl/changeHandler/BaseRename.js" size="4903" compressedSize="1518">
    <description>! UI development toolkit for HTML5 (OpenUI5) (c) Copyright 2009-2017 SAP SE or an SAP affiliate company. Licensed under the Apache License, Version 2.0 - see LICENSE.txt.</description>
    <requires>
      <module name="jquery.sap.global.js"/>
      <module name="sap/ui/fl/Utils.js"/>
      <module name="sap/ui/fl/changeHandler/Base.js"/>
    </requires>
  </module>
  <module name="sap/ui/fl/changeHandler/BaseTreeModifier.js" size="5484" compressedSize="1602">
    <description>! UI development toolkit for HTML5 (OpenUI5) (c) Copyright 2009-2017 SAP SE or an SAP affiliate company. Licensed under the Apache License, Version 2.0 - see LICENSE.txt.</description>
    <requires>
      <module name="jquery.sap.global.js"/>
      <module name="sap/ui/base/ManagedObject.js"/>
      <module name="sap/ui/fl/Utils.js"/>
    </requires>
  </module>
  <module name="sap/ui/fl/changeHandler/ChangeHandlerMediator.js" size="6585" compressedSize="2477">
    <description>! UI development toolkit for HTML5 (OpenUI5) (c) Copyright 2009-2017 SAP SE or an SAP affiliate company. Licensed under the Apache License, Version 2.0 - see LICENSE.txt.</description>
    <requires>
      <module name="jquery.sap.global.js"/>
    </requires>
  </module>
  <module name="sap/ui/fl/changeHandler/HideControl.js" size="2363" compressedSize="661">
    <description>! UI development toolkit for HTML5 (OpenUI5) (c) Copyright 2009-2017 SAP SE or an SAP affiliate company. Licensed under the Apache License, Version 2.0 - see LICENSE.txt.</description>
    <requires>
      <module name="jquery.sap.global.js"/>
    </requires>
  </module>
  <module name="sap/ui/fl/changeHandler/JsControlTreeModifier.js" size="7886" compressedSize="3019" dynamicDependencies="true">
    <description>! UI development toolkit for HTML5 (OpenUI5) (c) Copyright 2009-2017 SAP SE or an SAP affiliate company. Licensed under the Apache License, Version 2.0 - see LICENSE.txt.</description>
    <requires>
      <module name="jquery.sap.global.js"/>
      <module name="sap/ui/fl/Utils.js"/>
      <module name="sap/ui/fl/changeHandler/BaseTreeModifier.js"/>
    </requires>
  </module>
  <module name="sap/ui/fl/changeHandler/MoveControls.js" size="12038" compressedSize="4944">
    <description>! UI development toolkit for HTML5 (OpenUI5) (c) Copyright 2009-2017 SAP SE or an SAP affiliate company. Licensed under the Apache License, Version 2.0 - see LICENSE.txt.</description>
    <requires>
      <module name="jquery.sap.global.js"/>
      <module name="sap/ui/fl/Utils.js"/>
      <module name="sap/ui/fl/changeHandler/Base.js"/>
    </requires>
  </module>
  <module name="sap/ui/fl/changeHandler/MoveElements.js" size="5443" compressedSize="2176">
    <description>! UI development toolkit for HTML5 (OpenUI5) (c) Copyright 2009-2017 SAP SE or an SAP affiliate company. Licensed under the Apache License, Version 2.0 - see LICENSE.txt.</description>
    <requires>
      <module name="jquery.sap.global.js"/>
      <module name="sap/ui/fl/Utils.js"/>
      <module name="sap/ui/fl/changeHandler/Base.js"/>
      <module name="sap/ui/fl/changeHandler/JsControlTreeModifier.js"/>
    </requires>
  </module>
  <module name="sap/ui/fl/changeHandler/PropertyBindingChange.js" size="3294" compressedSize="991">
    <description>! UI development toolkit for HTML5 (OpenUI5) (c) Copyright 2009-2017 SAP SE or an SAP affiliate company. Licensed under the Apache License, Version 2.0 - see LICENSE.txt.</description>
    <requires>
      <module name="jquery.sap.global.js"/>
      <module name="sap/ui/fl/Utils.js"/>
      <module name="sap/ui/fl/changeHandler/Base.js"/>
    </requires>
  </module>
  <module name="sap/ui/fl/changeHandler/PropertyChange.js" size="3790" compressedSize="1162">
    <description>! UI development toolkit for HTML5 (OpenUI5) (c) Copyright 2009-2017 SAP SE or an SAP affiliate company. Licensed under the Apache License, Version 2.0 - see LICENSE.txt.</description>
    <requires>
      <module name="jquery.sap.global.js"/>
      <module name="sap/ui/fl/Utils.js"/>
      <module name="sap/ui/fl/changeHandler/Base.js"/>
    </requires>
  </module>
  <module name="sap/ui/fl/changeHandler/StashControl.js" size="2384" compressedSize="660">
    <description>! UI development toolkit for HTML5 (OpenUI5) (c) Copyright 2009-2017 SAP SE or an SAP affiliate company. Licensed under the Apache License, Version 2.0 - see LICENSE.txt.</description>
    <requires>
      <module name="jquery.sap.global.js"/>
    </requires>
  </module>
  <module name="sap/ui/fl/changeHandler/UnhideControl.js" size="2349" compressedSize="671">
    <description>! UI development toolkit for HTML5 (OpenUI5) (c) Copyright 2009-2017 SAP SE or an SAP affiliate company. Licensed under the Apache License, Version 2.0 - see LICENSE.txt.</description>
    <requires>
      <module name="jquery.sap.global.js"/>
    </requires>
  </module>
  <module name="sap/ui/fl/changeHandler/UnstashControl.js" size="2998" compressedSize="898">
    <description>! UI development toolkit for HTML5 (OpenUI5) (c) Copyright 2009-2017 SAP SE or an SAP affiliate company. Licensed under the Apache License, Version 2.0 - see LICENSE.txt.</description>
    <requires>
      <module name="jquery.sap.global.js"/>
    </requires>
  </module>
  <module name="sap/ui/fl/changeHandler/XmlTreeModifier.js" size="11836" compressedSize="4330" dynamicDependencies="true">
    <description>! UI development toolkit for HTML5 (OpenUI5) (c) Copyright 2009-2017 SAP SE or an SAP affiliate company. Licensed under the Apache License, Version 2.0 - see LICENSE.txt.</description>
    <requires>
      <module name="jquery.sap.global.js"/>
      <module name="sap/ui/base/DataType.js"/>
      <module name="sap/ui/fl/changeHandler/BaseTreeModifier.js"/>
    </requires>
  </module>
  <module name="sap/ui/fl/codeExt/CodeExtManager.js" size="4282" compressedSize="1925">
    <description>! UI development toolkit for HTML5 (OpenUI5) (c) Copyright 2009-2017 SAP SE or an SAP affiliate company. Licensed under the Apache License, Version 2.0 - see LICENSE.txt.</description>
    <requires>
      <module name="jquery.sap.global.js"/>
      <module name="sap/ui/fl/Change.js"/>
      <module name="sap/ui/fl/LrepConnector.js"/>
      <module name="sap/ui/fl/Utils.js"/>
    </requires>
  </module>
  <module name="sap/ui/fl/context/BaseContextProvider.js" size="1994" compressedSize="801">
    <description>! UI development toolkit for HTML5 (OpenUI5) (c) Copyright 2009-2017 SAP SE or an SAP affiliate company. Licensed under the Apache License, Version 2.0 - see LICENSE.txt.</description>
    <requires>
      <module name="jquery.sap.global.js"/>
      <module name="sap/ui/base/ManagedObject.js"/>
    </requires>
  </module>
  <module name="sap/ui/fl/context/Context.js" size="5690" compressedSize="2653">
    <description>! UI development toolkit for HTML5 (OpenUI5) (c) Copyright 2009-2017 SAP SE or an SAP affiliate company. Licensed under the Apache License, Version 2.0 - see LICENSE.txt.</description>
    <requires>
      <module name="jquery.sap.global.js"/>
      <module name="sap/ui/base/ManagedObject.js"/>
    </requires>
  </module>
  <module name="sap/ui/fl/context/ContextManager.js" size="10234" compressedSize="2787">
    <description>! UI development toolkit for HTML5 (OpenUI5) (c) Copyright 2009-2017 SAP SE or an SAP affiliate company. Licensed under the Apache License, Version 2.0 - see LICENSE.txt.</description>
    <requires>
      <module name="jquery.sap.global.js"/>
      <module name="sap/ui/fl/LrepConnector.js"/>
      <module name="sap/ui/fl/Utils.js"/>
      <module name="sap/ui/fl/context/Context.js"/>
    </requires>
  </module>
  <module name="sap/ui/fl/context/DeviceContextProvider.js" size="1356" compressedSize="700">
    <description>! UI development toolkit for HTML5 (OpenUI5) (c) Copyright 2009-2017 SAP SE or an SAP affiliate company. Licensed under the Apache License, Version 2.0 - see LICENSE.txt.</description>
    <requires>
      <module name="jquery.sap.global.js"/>
      <module name="sap/ui/Device.js"/>
      <module name="sap/ui/fl/context/BaseContextProvider.js"/>
    </requires>
  </module>
  <module name="sap/ui/fl/context/SwitchContextProvider.js" size="1420" compressedSize="766">
    <description>! UI development toolkit for HTML5 (OpenUI5) (c) Copyright 2009-2017 SAP SE or an SAP affiliate company. Licensed under the Apache License, Version 2.0 - see LICENSE.txt.</description>
    <requires>
      <module name="jquery.sap.global.js"/>
      <module name="sap/ui/fl/Cache.js"/>
      <module name="sap/ui/fl/context/BaseContextProvider.js"/>
    </requires>
  </module>
  <module name="sap/ui/fl/core/EventDelegate.js" size="4094" compressedSize="1517">
    <description>! UI development toolkit for HTML5 (OpenUI5) (c) Copyright 2009-2017 SAP SE or an SAP affiliate company. Licensed under the Apache License, Version 2.0 - see LICENSE.txt.</description>
    <requires>
      <module name="jquery.sap.global.js"/>
      <module name="sap/ui/base/EventProvider.js"/>
      <module name="sap/ui/fl/Utils.js"/>
      <module name="sap/ui/fl/core/FlexVisualizer.js"/>
      <module name="sap/ui/fl/registry/ChangeRegistry.js"/>
    </requires>
  </module>
  <module name="sap/ui/fl/core/FlexVisualizer.js" size="954" compressedSize="340">
    <description>! UI development toolkit for HTML5 (OpenUI5) (c) Copyright 2009-2017 SAP SE or an SAP affiliate company. Licensed under the Apache License, Version 2.0 - see LICENSE.txt.</description>
    <requires>
      <module name="jquery.sap.global.js"/>
    </requires>
  </module>
  <module name="sap/ui/fl/descriptorRelated/api/DescriptorChangeFactory.js" size="6952" compressedSize="2510">
    <description>! UI development toolkit for HTML5 (OpenUI5) (c) Copyright 2009-2017 SAP SE or an SAP affiliate company. Licensed under the Apache License, Version 2.0 - see LICENSE.txt.</description>
    <requires>
      <module name="jquery.sap.global.js"/>
      <module name="sap/ui/fl/Change.js"/>
      <module name="sap/ui/fl/ChangePersistence.js"/>
      <module name="sap/ui/fl/ChangePersistenceFactory.js"/>
      <module name="sap/ui/fl/Utils.js"/>
      <module name="sap/ui/fl/descriptorRelated/internal/Utils.js"/>
      <module name="sap/ui/fl/registry/Settings.js"/>
    </requires>
  </module>
  <module name="sap/ui/fl/descriptorRelated/api/DescriptorInlineChangeFactory.js" size="28674" compressedSize="7714">
    <description>! UI development toolkit for HTML5 (OpenUI5) (c) Copyright 2009-2017 SAP SE or an SAP affiliate company. Licensed under the Apache License, Version 2.0 - see LICENSE.txt.</description>
    <requires>
      <module name="jquery.sap.global.js"/>
      <module name="sap/ui/fl/descriptorRelated/internal/Utils.js"/>
    </requires>
  </module>
  <module name="sap/ui/fl/descriptorRelated/api/DescriptorVariantFactory.js" size="10885" compressedSize="4155">
    <description>! UI development toolkit for HTML5 (OpenUI5) (c) Copyright 2009-2017 SAP SE or an SAP affiliate company. Licensed under the Apache License, Version 2.0 - see LICENSE.txt.</description>
    <requires>
      <module name="jquery.sap.global.js"/>
      <module name="sap/ui/fl/LrepConnector.js"/>
      <module name="sap/ui/fl/Utils.js"/>
      <module name="sap/ui/fl/descriptorRelated/api/DescriptorInlineChangeFactory.js"/>
      <module name="sap/ui/fl/descriptorRelated/internal/Utils.js"/>
      <module name="sap/ui/fl/registry/Settings.js"/>
    </requires>
  </module>
  <module name="sap/ui/fl/descriptorRelated/internal/Utils.js" size="2964" compressedSize="1801">
    <description>! UI development toolkit for HTML5 (OpenUI5) (c) Copyright 2009-2017 SAP SE or an SAP affiliate company. Licensed under the Apache License, Version 2.0 - see LICENSE.txt.</description>
    <requires>
      <module name="jquery.sap.global.js"/>
    </requires>
  </module>
  <module name="sap/ui/fl/fieldExt/Access.js" size="14886" compressedSize="4838">
    <description>! UI development toolkit for HTML5 (OpenUI5) (c) Copyright 2009-2017 SAP SE or an SAP affiliate company. Licensed under the Apache License, Version 2.0 - see LICENSE.txt.</description>
    <requires>
      <module name="jquery.sap.global.js"/>
      <module name="jquery.sap.storage.js"/>
    </requires>
  </module>
  <module name="sap/ui/fl/library-preload.js" size="186821" dynamicDependencies="true">
    <requires>
      <module name="jquery.sap.global.js"/>
      <module name="jquery.sap.storage.js"/>
      <module name="sap/m/Bar.js"/>
      <module name="sap/m/Button.js"/>
      <module name="sap/m/ButtonType.js"/>
      <module name="sap/m/CheckBox.js"/>
      <module name="sap/m/Column.js"/>
      <module name="sap/m/ColumnListItem.js"/>
      <module name="sap/m/ComboBox.js"/>
      <module name="sap/m/Dialog.js"/>
      <module name="sap/m/DialogRenderer.js"/>
      <module name="sap/m/Input.js"/>
      <module name="sap/m/InputListItem.js"/>
      <module name="sap/m/Label.js"/>
      <module name="sap/m/List.js"/>
      <module name="sap/m/MessageToast.js"/>
      <module name="sap/m/ObjectIdentifier.js"/>
      <module name="sap/m/OverflowToolbar.js"/>
      <module name="sap/m/OverflowToolbarLayoutData.js"/>
      <module name="sap/m/OverflowToolbarPriority.js"/>
      <module name="sap/m/Page.js"/>
      <module name="sap/m/PlacementType.js"/>
      <module name="sap/m/PopinDisplay.js"/>
      <module name="sap/m/RadioButton.js"/>
      <module name="sap/m/ResponsivePopover.js"/>
      <module name="sap/m/ScreenSize.js"/>
      <module name="sap/m/SearchField.js"/>
      <module name="sap/m/SelectList.js"/>
      <module name="sap/m/Table.js"/>
      <module name="sap/m/Text.js"/>
      <module name="sap/m/Toolbar.js"/>
      <module name="sap/m/ToolbarSpacer.js"/>
      <module name="sap/ui/Device.js"/>
      <module name="sap/ui/base/DataType.js"/>
      <module name="sap/ui/base/EventProvider.js"/>
      <module name="sap/ui/base/ManagedObject.js"/>
      <module name="sap/ui/base/Object.js"/>
      <module name="sap/ui/core/Component.js"/>
      <module name="sap/ui/core/Control.js"/>
      <module name="sap/ui/core/InvisibleText.js"/>
      <module name="sap/ui/core/ListItem.js"/>
      <module name="sap/ui/core/TextAlign.js"/>
      <module name="sap/ui/core/ValueState.js"/>
      <module name="sap/ui/core/mvc/Controller.js"/>
      <module name="sap/ui/core/mvc/View.js"/>
      <module name="sap/ui/core/mvc/XMLView.js"/>
      <module name="sap/ui/layout/Grid.js"/>
      <module name="sap/ui/layout/HorizontalLayout.js"/>
      <module name="sap/ui/model/Context.js"/>
      <module name="sap/ui/model/Filter.js"/>
      <module name="sap/ui/model/json/JSONModel.js"/>
      <module name="sap/ui/thirdparty/URI.js"/>
    </requires>
    <includes>
      <module name="sap/ui/fl/Cache.js"/>
      <module name="sap/ui/fl/Change.js"/>
      <module name="sap/ui/fl/ChangePersistence.js"/>
      <module name="sap/ui/fl/ChangePersistenceFactory.js"/>
      <module name="sap/ui/fl/DefaultVariant.js"/>
      <module name="sap/ui/fl/EventHistory.js"/>
      <module name="sap/ui/fl/FakeLrepConnector.js"/>
      <module name="sap/ui/fl/FakeLrepConnectorLocalStorage.js"/>
      <module name="sap/ui/fl/FakeLrepLocalStorage.js"/>
      <module name="sap/ui/fl/FlexController.js"/>
      <module name="sap/ui/fl/FlexControllerFactory.js"/>
      <module name="sap/ui/fl/LrepConnector.js"/>
      <module name="sap/ui/fl/Persistence.js"/>
      <module name="sap/ui/fl/Preprocessor.js"/>
      <module name="sap/ui/fl/PreprocessorImpl.js"/>
      <module name="sap/ui/fl/RegistrationDelegator.js"/>
      <module name="sap/ui/fl/StandardVariant.js"/>
      <module name="sap/ui/fl/Utils.js"/>
      <module name="sap/ui/fl/XmlPreprocessorImpl.js"/>
      <module name="sap/ui/fl/changeHandler/Base.js"/>
      <module name="sap/ui/fl/changeHandler/BaseRename.js"/>
      <module name="sap/ui/fl/changeHandler/BaseTreeModifier.js"/>
      <module name="sap/ui/fl/changeHandler/ChangeHandlerMediator.js"/>
      <module name="sap/ui/fl/changeHandler/HideControl.js"/>
      <module name="sap/ui/fl/changeHandler/JsControlTreeModifier.js"/>
      <module name="sap/ui/fl/changeHandler/MoveControls.js"/>
      <module name="sap/ui/fl/changeHandler/MoveElements.js"/>
      <module name="sap/ui/fl/changeHandler/PropertyBindingChange.js"/>
      <module name="sap/ui/fl/changeHandler/PropertyChange.js"/>
      <module name="sap/ui/fl/changeHandler/StashControl.js"/>
      <module name="sap/ui/fl/changeHandler/UnhideControl.js"/>
      <module name="sap/ui/fl/changeHandler/UnstashControl.js"/>
      <module name="sap/ui/fl/changeHandler/XmlTreeModifier.js"/>
      <module name="sap/ui/fl/codeExt/CodeExtManager.js"/>
      <module name="sap/ui/fl/context/BaseContextProvider.js"/>
      <module name="sap/ui/fl/context/Context.js"/>
      <module name="sap/ui/fl/context/ContextManager.js"/>
      <module name="sap/ui/fl/context/DeviceContextProvider.js"/>
      <module name="sap/ui/fl/context/SwitchContextProvider.js"/>
      <module name="sap/ui/fl/core/EventDelegate.js"/>
      <module name="sap/ui/fl/core/FlexVisualizer.js"/>
      <module name="sap/ui/fl/descriptorRelated/api/DescriptorChangeFactory.js"/>
      <module name="sap/ui/fl/descriptorRelated/api/DescriptorInlineChangeFactory.js"/>
      <module name="sap/ui/fl/descriptorRelated/api/DescriptorVariantFactory.js"/>
      <module name="sap/ui/fl/descriptorRelated/internal/Utils.js"/>
      <module name="sap/ui/fl/fieldExt/Access.js"/>
      <module name="sap/ui/fl/library.js"/>
      <module name="sap/ui/fl/manifest.json"/>
      <module name="sap/ui/fl/registry/ChangeHandlerRegistration.js"/>
      <module name="sap/ui/fl/registry/ChangeRegistry.js"/>
      <module name="sap/ui/fl/registry/ChangeRegistryItem.js"/>
      <module name="sap/ui/fl/registry/ChangeTypeMetadata.js"/>
      <module name="sap/ui/fl/registry/Settings.js"/>
      <module name="sap/ui/fl/registry/SimpleChanges.js"/>
      <module name="sap/ui/fl/transport/TransportDialog.js"/>
      <module name="sap/ui/fl/transport/TransportSelection.js"/>
      <module name="sap/ui/fl/transport/Transports.js"/>
      <module name="sap/ui/fl/variants/VariantController.js"/>
      <module name="sap/ui/fl/variants/VariantManagement.designtime.js"/>
      <module name="sap/ui/fl/variants/VariantManagement.js"/>
      <module name="sap/ui/fl/variants/VariantModel.js"/>
    </includes>
  </module>
  <module name="sap/ui/fl/library-preload.json" size="0" dynamicDependencies="true">
    <requires>
      <module name="jquery.sap.global.js"/>
      <module name="jquery.sap.storage.js"/>
      <module name="sap/m/Bar.js"/>
      <module name="sap/m/Button.js"/>
      <module name="sap/m/ButtonType.js"/>
      <module name="sap/m/CheckBox.js"/>
      <module name="sap/m/Column.js"/>
      <module name="sap/m/ColumnListItem.js"/>
      <module name="sap/m/ComboBox.js"/>
      <module name="sap/m/Dialog.js"/>
      <module name="sap/m/DialogRenderer.js"/>
      <module name="sap/m/Input.js"/>
      <module name="sap/m/InputListItem.js"/>
      <module name="sap/m/Label.js"/>
      <module name="sap/m/List.js"/>
      <module name="sap/m/MessageToast.js"/>
      <module name="sap/m/ObjectIdentifier.js"/>
      <module name="sap/m/OverflowToolbar.js"/>
      <module name="sap/m/OverflowToolbarLayoutData.js"/>
      <module name="sap/m/OverflowToolbarPriority.js"/>
      <module name="sap/m/Page.js"/>
      <module name="sap/m/PlacementType.js"/>
      <module name="sap/m/PopinDisplay.js"/>
      <module name="sap/m/RadioButton.js"/>
      <module name="sap/m/ResponsivePopover.js"/>
      <module name="sap/m/ScreenSize.js"/>
      <module name="sap/m/SearchField.js"/>
      <module name="sap/m/SelectList.js"/>
      <module name="sap/m/Table.js"/>
      <module name="sap/m/Text.js"/>
      <module name="sap/m/Toolbar.js"/>
      <module name="sap/m/ToolbarSpacer.js"/>
      <module name="sap/m/library-preload.json"/>
      <module name="sap/ui/Device.js"/>
      <module name="sap/ui/base/DataType.js"/>
      <module name="sap/ui/base/EventProvider.js"/>
      <module name="sap/ui/base/ManagedObject.js"/>
      <module name="sap/ui/base/Object.js"/>
      <module name="sap/ui/core/Component.js"/>
      <module name="sap/ui/core/Control.js"/>
      <module name="sap/ui/core/InvisibleText.js"/>
      <module name="sap/ui/core/ListItem.js"/>
      <module name="sap/ui/core/TextAlign.js"/>
      <module name="sap/ui/core/ValueState.js"/>
      <module name="sap/ui/core/library-preload.json"/>
      <module name="sap/ui/core/mvc/Controller.js"/>
      <module name="sap/ui/core/mvc/View.js"/>
      <module name="sap/ui/core/mvc/XMLView.js"/>
      <module name="sap/ui/layout/Grid.js"/>
      <module name="sap/ui/layout/HorizontalLayout.js"/>
      <module name="sap/ui/model/Context.js"/>
      <module name="sap/ui/model/Filter.js"/>
      <module name="sap/ui/model/json/JSONModel.js"/>
      <module name="sap/ui/thirdparty/URI.js"/>
    </requires>
    <includes>
      <module name="sap/ui/fl/Cache.js"/>
      <module name="sap/ui/fl/Change.js"/>
      <module name="sap/ui/fl/ChangePersistence.js"/>
      <module name="sap/ui/fl/ChangePersistenceFactory.js"/>
      <module name="sap/ui/fl/DefaultVariant.js"/>
      <module name="sap/ui/fl/EventHistory.js"/>
      <module name="sap/ui/fl/FakeLrepConnector.js"/>
      <module name="sap/ui/fl/FakeLrepConnectorLocalStorage.js"/>
      <module name="sap/ui/fl/FakeLrepLocalStorage.js"/>
      <module name="sap/ui/fl/FlexController.js"/>
      <module name="sap/ui/fl/FlexControllerFactory.js"/>
      <module name="sap/ui/fl/LrepConnector.js"/>
      <module name="sap/ui/fl/Persistence.js"/>
      <module name="sap/ui/fl/Preprocessor.js"/>
      <module name="sap/ui/fl/PreprocessorImpl.js"/>
      <module name="sap/ui/fl/RegistrationDelegator.js"/>
      <module name="sap/ui/fl/StandardVariant.js"/>
      <module name="sap/ui/fl/Utils.js"/>
      <module name="sap/ui/fl/XmlPreprocessorImpl.js"/>
      <module name="sap/ui/fl/changeHandler/Base.js"/>
      <module name="sap/ui/fl/changeHandler/BaseRename.js"/>
      <module name="sap/ui/fl/changeHandler/BaseTreeModifier.js"/>
      <module name="sap/ui/fl/changeHandler/ChangeHandlerMediator.js"/>
      <module name="sap/ui/fl/changeHandler/HideControl.js"/>
      <module name="sap/ui/fl/changeHandler/JsControlTreeModifier.js"/>
      <module name="sap/ui/fl/changeHandler/MoveControls.js"/>
      <module name="sap/ui/fl/changeHandler/MoveElements.js"/>
      <module name="sap/ui/fl/changeHandler/PropertyBindingChange.js"/>
      <module name="sap/ui/fl/changeHandler/PropertyChange.js"/>
      <module name="sap/ui/fl/changeHandler/StashControl.js"/>
      <module name="sap/ui/fl/changeHandler/UnhideControl.js"/>
      <module name="sap/ui/fl/changeHandler/UnstashControl.js"/>
      <module name="sap/ui/fl/changeHandler/XmlTreeModifier.js"/>
      <module name="sap/ui/fl/codeExt/CodeExtManager.js"/>
      <module name="sap/ui/fl/context/BaseContextProvider.js"/>
      <module name="sap/ui/fl/context/Context.js"/>
      <module name="sap/ui/fl/context/ContextManager.js"/>
      <module name="sap/ui/fl/context/DeviceContextProvider.js"/>
      <module name="sap/ui/fl/context/SwitchContextProvider.js"/>
      <module name="sap/ui/fl/core/EventDelegate.js"/>
      <module name="sap/ui/fl/core/FlexVisualizer.js"/>
      <module name="sap/ui/fl/descriptorRelated/api/DescriptorChangeFactory.js"/>
      <module name="sap/ui/fl/descriptorRelated/api/DescriptorInlineChangeFactory.js"/>
      <module name="sap/ui/fl/descriptorRelated/api/DescriptorVariantFactory.js"/>
      <module name="sap/ui/fl/descriptorRelated/internal/Utils.js"/>
      <module name="sap/ui/fl/fieldExt/Access.js"/>
      <module name="sap/ui/fl/library.js"/>
      <module name="sap/ui/fl/manifest.json"/>
      <module name="sap/ui/fl/registry/ChangeHandlerRegistration.js"/>
      <module name="sap/ui/fl/registry/ChangeRegistry.js"/>
      <module name="sap/ui/fl/registry/ChangeRegistryItem.js"/>
      <module name="sap/ui/fl/registry/ChangeTypeMetadata.js"/>
      <module name="sap/ui/fl/registry/Settings.js"/>
      <module name="sap/ui/fl/registry/SimpleChanges.js"/>
      <module name="sap/ui/fl/transport/TransportDialog.js"/>
      <module name="sap/ui/fl/transport/TransportSelection.js"/>
      <module name="sap/ui/fl/transport/Transports.js"/>
      <module name="sap/ui/fl/variants/VariantController.js"/>
      <module name="sap/ui/fl/variants/VariantManagement.designtime.js"/>
      <module name="sap/ui/fl/variants/VariantManagement.js"/>
      <module name="sap/ui/fl/variants/VariantModel.js"/>
    </includes>
  </module>
  <module name="sap/ui/fl/library.js" size="823" compressedSize="490">
    <description>! UI development toolkit for HTML5 (OpenUI5) (c) Copyright 2009-2017 SAP SE or an SAP affiliate company. Licensed under the Apache License, Version 2.0 - see LICENSE.txt.</description>
    <requires>
      <module name="jquery.sap.global.js"/>
      <module name="sap/ui/fl/RegistrationDelegator.js"/>
    </requires>
  </module>
  <module name="sap/ui/fl/manifest.json" size="805">
  </module>
  <module name="sap/ui/fl/messagebundle.properties" size="4831">
  </module>
  <module name="sap/ui/fl/messagebundle_ar.properties" size="1901">
  </module>
  <module name="sap/ui/fl/messagebundle_bg.properties" size="2011">
  </module>
  <module name="sap/ui/fl/messagebundle_ca.properties" size="1251">
  </module>
  <module name="sap/ui/fl/messagebundle_cs.properties" size="1267">
  </module>
  <module name="sap/ui/fl/messagebundle_da.properties" size="1215">
  </module>
  <module name="sap/ui/fl/messagebundle_de.properties" size="1276">
  </module>
  <module name="sap/ui/fl/messagebundle_el.properties" size="2204">
  </module>
  <module name="sap/ui/fl/messagebundle_en.properties" size="1221">
  </module>
  <module name="sap/ui/fl/messagebundle_en_US_sappsd.properties" size="2792">
  </module>
  <module name="sap/ui/fl/messagebundle_en_US_saptrc.properties" size="1497">
  </module>
  <module name="sap/ui/fl/messagebundle_es.properties" size="1254">
  </module>
  <module name="sap/ui/fl/messagebundle_et.properties" size="1205">
  </module>
  <module name="sap/ui/fl/messagebundle_fi.properties" size="1225">
  </module>
  <module name="sap/ui/fl/messagebundle_fr.properties" size="1279">
  </module>
  <module name="sap/ui/fl/messagebundle_hi.properties" size="2091">
  </module>
  <module name="sap/ui/fl/messagebundle_hr.properties" size="1213">
  </module>
  <module name="sap/ui/fl/messagebundle_hu.properties" size="1357">
  </module>
  <module name="sap/ui/fl/messagebundle_it.properties" size="1254">
  </module>
  <module name="sap/ui/fl/messagebundle_iw.properties" size="1869">
  </module>
  <module name="sap/ui/fl/messagebundle_ja.properties" size="1493">
  </module>
  <module name="sap/ui/fl/messagebundle_kk.properties" size="2036">
  </module>
  <module name="sap/ui/fl/messagebundle_ko.properties" size="1560">
  </module>
  <module name="sap/ui/fl/messagebundle_lt.properties" size="1293">
  </module>
  <module name="sap/ui/fl/messagebundle_lv.properties" size="1331">
  </module>
  <module name="sap/ui/fl/messagebundle_ms.properties" size="1190">
  </module>
  <module name="sap/ui/fl/messagebundle_nl.properties" size="1240">
  </module>
  <module name="sap/ui/fl/messagebundle_no.properties" size="1225">
  </module>
  <module name="sap/ui/fl/messagebundle_pl.properties" size="1245">
  </module>
  <module name="sap/ui/fl/messagebundle_pt.properties" size="1236">
  </module>
  <module name="sap/ui/fl/messagebundle_ro.properties" size="1255">
  </module>
  <module name="sap/ui/fl/messagebundle_ru.properties" size="2070">
  </module>
  <module name="sap/ui/fl/messagebundle_sh.properties" size="1185">
  </module>
  <module name="sap/ui/fl/messagebundle_sk.properties" size="1299">
  </module>
  <module name="sap/ui/fl/messagebundle_sl.properties" size="1224">
  </module>
  <module name="sap/ui/fl/messagebundle_sv.properties" size="1221">
  </module>
  <module name="sap/ui/fl/messagebundle_th.properties" size="2067">
  </module>
  <module name="sap/ui/fl/messagebundle_tr.properties" size="1269">
  </module>
  <module name="sap/ui/fl/messagebundle_uk.properties" size="2122">
  </module>
  <module name="sap/ui/fl/messagebundle_vi.properties" size="1402">
  </module>
  <module name="sap/ui/fl/messagebundle_zh_CN.properties" size="1287">
  </module>
  <module name="sap/ui/fl/messagebundle_zh_TW.properties" size="1305">
  </module>
  <module name="sap/ui/fl/registry/ChangeHandlerRegistration.js" size="1598" compressedSize="1012">
    <description>! UI development toolkit for HTML5 (OpenUI5) (c) Copyright 2009-2017 SAP SE or an SAP affiliate company. Licensed under the Apache License, Version 2.0 - see LICENSE.txt.</description>
    <requires>
      <module name="jquery.sap.global.js"/>
      <module name="sap/ui/fl/registry/ChangeRegistry.js"/>
    </requires>
  </module>
  <module name="sap/ui/fl/registry/ChangeRegistry.js" size="15842" compressedSize="6491" dynamicDependencies="true">
    <description>! UI development toolkit for HTML5 (OpenUI5) (c) Copyright 2009-2017 SAP SE or an SAP affiliate company. Licensed under the Apache License, Version 2.0 - see LICENSE.txt.</description>
    <requires>
      <module name="jquery.sap.global.js"/>
      <module name="sap/ui/fl/Utils.js"/>
      <module name="sap/ui/fl/changeHandler/HideControl.js"/>
      <module name="sap/ui/fl/changeHandler/MoveControls.js"/>
      <module name="sap/ui/fl/changeHandler/MoveElements.js"/>
      <module name="sap/ui/fl/changeHandler/PropertyBindingChange.js"/>
      <module name="sap/ui/fl/changeHandler/PropertyChange.js"/>
      <module name="sap/ui/fl/changeHandler/StashControl.js"/>
      <module name="sap/ui/fl/changeHandler/UnhideControl.js"/>
      <module name="sap/ui/fl/changeHandler/UnstashControl.js"/>
      <module name="sap/ui/fl/registry/ChangeRegistryItem.js"/>
      <module name="sap/ui/fl/registry/ChangeTypeMetadata.js"/>
      <module name="sap/ui/fl/registry/Settings.js"/>
    </requires>
  </module>
  <module name="sap/ui/fl/registry/ChangeRegistryItem.js" size="2966" compressedSize="1199">
    <description>! UI development toolkit for HTML5 (OpenUI5) (c) Copyright 2009-2017 SAP SE or an SAP affiliate company. Licensed under the Apache License, Version 2.0 - see LICENSE.txt.</description>
    <requires>
      <module name="jquery.sap.global.js"/>
      <module name="sap/ui/fl/Utils.js"/>
    </requires>
  </module>
  <module name="sap/ui/fl/registry/ChangeTypeMetadata.js" size="3976" compressedSize="1300">
    <description>! UI development toolkit for HTML5 (OpenUI5) (c) Copyright 2009-2017 SAP SE or an SAP affiliate company. Licensed under the Apache License, Version 2.0 - see LICENSE.txt.</description>
    <requires>
      <module name="jquery.sap.global.js"/>
      <module name="sap/ui/fl/Utils.js"/>
    </requires>
  </module>
  <module name="sap/ui/fl/registry/Settings.js" size="11420" compressedSize="4163">
    <description>global Error</description>
    <requires>
      <module name="jquery.sap.global.js"/>
      <module name="sap/ui/base/EventProvider.js"/>
      <module name="sap/ui/fl/Cache.js"/>
      <module name="sap/ui/fl/LrepConnector.js"/>
      <module name="sap/ui/fl/Utils.js"/>
    </requires>
  </module>
  <module name="sap/ui/fl/registry/SimpleChanges.js" size="1963" compressedSize="1096">
    <description>! UI development toolkit for HTML5 (OpenUI5) (c) Copyright 2009-2017 SAP SE or an SAP affiliate company. Licensed under the Apache License, Version 2.0 - see LICENSE.txt.</description>
    <requires>
      <module name="jquery.sap.global.js"/>
      <module name="sap/ui/fl/changeHandler/HideControl.js"/>
      <module name="sap/ui/fl/changeHandler/MoveControls.js"/>
      <module name="sap/ui/fl/changeHandler/MoveElements.js"/>
      <module name="sap/ui/fl/changeHandler/PropertyBindingChange.js"/>
      <module name="sap/ui/fl/changeHandler/PropertyChange.js"/>
      <module name="sap/ui/fl/changeHandler/StashControl.js"/>
      <module name="sap/ui/fl/changeHandler/UnhideControl.js"/>
      <module name="sap/ui/fl/changeHandler/UnstashControl.js"/>
    </requires>
  </module>
  <module name="sap/ui/fl/support/Flexibility.js" size="6777" compressedSize="3026" excludeFromAllInOne="true">
    <description>Provides class sap.ui.fl.support.Flexibility</description>
    <requires>
      <module name="jquery.sap.global.js"/>
      <module name="sap/ui/core/support/Plugin.js"/>
      <module name="sap/ui/core/support/Support.js"/>
      <module name="sap/ui/fl/Utils.js"/>
      <module name="sap/ui/model/json/JSONModel.js"/>
    </requires>
  </module>
  <module name="sap/ui/fl/support/Flexibility.view.xml" size="2372" excludeFromAllInOne="true">
    <requires>
      <module name="sap/m/Column.js"/>
      <module name="sap/m/ColumnListItem.js"/>
      <module name="sap/m/CustomListItem.js"/>
      <module name="sap/m/List.js"/>
      <module name="sap/m/Panel.js"/>
      <module name="sap/m/Table.js"/>
      <module name="sap/m/Text.js"/>
      <module name="sap/m/Title.js"/>
      <module name="sap/m/Toolbar.js"/>
      <module name="sap/ui/core/Icon.js"/>
      <module name="sap/ui/core/mvc/XMLView.js"/>
    </requires>
  </module>
  <module name="sap/ui/fl/support/apps/contentbrowser/Component.js" size="2011" compressedSize="1276" excludeFromAllInOne="true">
    <description>! UI development toolkit for HTML5 (OpenUI5) (c) Copyright 2009-2017 SAP SE or an SAP affiliate company. Licensed under the Apache License, Version 2.0 - see LICENSE.txt.</description>
    <requires>
      <module name="jquery.sap.global.js"/>
      <module name="sap/ui/core/UIComponent.js"/>
    </requires>
  </module>
  <module name="sap/ui/fl/support/apps/contentbrowser/controller/ContentDetails.controller.js" size="7262" compressedSize="3124" excludeFromAllInOne="true">
    <description>! UI development toolkit for HTML5 (OpenUI5) (c) Copyright 2009-2017 SAP SE or an SAP affiliate company. Licensed under the Apache License, Version 2.0 - see LICENSE.txt.</description>
    <requires>
      <module name="jquery.sap.global.js"/>
      <module name="sap/m/Button.js"/>
      <module name="sap/m/Dialog.js"/>
      <module name="sap/m/Text.js"/>
      <module name="sap/ui/core/mvc/Controller.js"/>
      <module name="sap/ui/fl/support/apps/contentbrowser/lrepConnector/LRepConnector.js"/>
      <module name="sap/ui/fl/support/apps/contentbrowser/utils/DataUtils.js"/>
    </requires>
  </module>
  <module name="sap/ui/fl/support/apps/contentbrowser/controller/ContentDetailsEdit.controller.js" size="5482" compressedSize="2178" excludeFromAllInOne="true">
    <description>! UI development toolkit for HTML5 (OpenUI5) (c) Copyright 2009-2017 SAP SE or an SAP affiliate company. Licensed under the Apache License, Version 2.0 - see LICENSE.txt.</description>
    <requires>
      <module name="jquery.sap.global.js"/>
      <module name="sap/ui/core/mvc/Controller.js"/>
      <module name="sap/ui/fl/support/apps/contentbrowser/lrepConnector/LRepConnector.js"/>
      <module name="sap/ui/fl/support/apps/contentbrowser/utils/DataUtils.js"/>
    </requires>
  </module>
  <module name="sap/ui/fl/support/apps/contentbrowser/controller/LayerContentMaster.controller.js" size="6658" compressedSize="2873" excludeFromAllInOne="true">
    <description>! UI development toolkit for HTML5 (OpenUI5) (c) Copyright 2009-2017 SAP SE or an SAP affiliate company. Licensed under the Apache License, Version 2.0 - see LICENSE.txt.</description>
    <requires>
      <module name="jquery.sap.global.js"/>
      <module name="sap/ui/core/UIComponent.js"/>
      <module name="sap/ui/core/mvc/Controller.js"/>
      <module name="sap/ui/fl/support/apps/contentbrowser/lrepConnector/LRepConnector.js"/>
      <module name="sap/ui/fl/support/apps/contentbrowser/utils/DataUtils.js"/>
      <module name="sap/ui/model/Filter.js"/>
      <module name="sap/ui/model/FilterOperator.js"/>
    </requires>
  </module>
  <module name="sap/ui/fl/support/apps/contentbrowser/controller/Layers.controller.js" size="1432" compressedSize="739" excludeFromAllInOne="true">
    <description>! UI development toolkit for HTML5 (OpenUI5) (c) Copyright 2009-2017 SAP SE or an SAP affiliate company. Licensed under the Apache License, Version 2.0 - see LICENSE.txt.</description>
    <requires>
      <module name="jquery.sap.global.js"/>
      <module name="sap/ui/core/mvc/Controller.js"/>
      <module name="sap/ui/fl/support/apps/contentbrowser/utils/ErrorUtils.js"/>
    </requires>
  </module>
  <module name="sap/ui/fl/support/apps/contentbrowser/i18n/i18n.properties" size="1120" excludeFromAllInOne="true">
  </module>
  <module name="sap/ui/fl/support/apps/contentbrowser/lrepConnector/LRepConnector.js" size="10413" compressedSize="2880" excludeFromAllInOne="true">
    <description>! UI development toolkit for HTML5 (OpenUI5) (c) Copyright 2009-2017 SAP SE or an SAP affiliate company. Licensed under the Apache License, Version 2.0 - see LICENSE.txt.</description>
    <requires>
      <module name="jquery.sap.global.js"/>
      <module name="sap/ui/fl/Utils.js"/>
      <module name="sap/ui/fl/support/apps/contentbrowser/utils/ErrorUtils.js" conditional="true"/>
    </requires>
  </module>
  <module name="sap/ui/fl/support/apps/contentbrowser/manifest.json" size="2867" excludeFromAllInOne="true">
  </module>
  <module name="sap/ui/fl/support/apps/contentbrowser/utils/DataUtils.js" size="4461" compressedSize="1449" excludeFromAllInOne="true">
    <description>! UI development toolkit for HTML5 (OpenUI5) (c) Copyright 2009-2017 SAP SE or an SAP affiliate company. Licensed under the Apache License, Version 2.0 - see LICENSE.txt.</description>
    <requires>
      <module name="jquery.sap.global.js"/>
      <module name="sap/m/GroupHeaderListItem.js"/>
    </requires>
  </module>
  <module name="sap/ui/fl/support/apps/contentbrowser/utils/ErrorUtils.js" size="2474" compressedSize="1154" excludeFromAllInOne="true">
    <description>! UI development toolkit for HTML5 (OpenUI5) (c) Copyright 2009-2017 SAP SE or an SAP affiliate company. Licensed under the Apache License, Version 2.0 - see LICENSE.txt.</description>
    <requires>
      <module name="jquery.sap.global.js"/>
      <module name="sap/m/MessagePopover.js"/>
      <module name="sap/m/MessagePopoverItem.js"/>
    </requires>
  </module>
  <module name="sap/ui/fl/support/apps/contentbrowser/view/ContentDetails.view.xml" size="1552" excludeFromAllInOne="true">
    <requires>
      <module name="sap/m/Button.js"/>
      <module name="sap/m/DisplayListItem.js"/>
      <module name="sap/m/IconTabBar.js"/>
      <module name="sap/m/IconTabFilter.js"/>
      <module name="sap/m/List.js"/>
      <module name="sap/m/Page.js"/>
      <module name="sap/m/Text.js"/>
      <module name="sap/m/Toolbar.js"/>
      <module name="sap/m/ToolbarSpacer.js"/>
      <module name="sap/ui/core/mvc/XMLView.js"/>
      <module name="sap/ui/fl/support/apps/contentbrowser/controller/ContentDetails.controller.js"/>
      <module name="sap/ui/layout/form/SimpleForm.js"/>
    </requires>
  </module>
  <module name="sap/ui/fl/support/apps/contentbrowser/view/ContentDetailsEdit.view.xml" size="841" excludeFromAllInOne="true">
    <requires>
      <module name="sap/m/Button.js"/>
      <module name="sap/m/Page.js"/>
      <module name="sap/m/TextArea.js"/>
      <module name="sap/m/Toolbar.js"/>
      <module name="sap/m/ToolbarSpacer.js"/>
      <module name="sap/ui/core/mvc/XMLView.js"/>
      <module name="sap/ui/fl/support/apps/contentbrowser/controller/ContentDetailsEdit.controller.js"/>
      <module name="sap/ui/layout/form/SimpleForm.js"/>
    </requires>
  </module>
  <module name="sap/ui/fl/support/apps/contentbrowser/view/EmptyDetails.view.xml" size="151" excludeFromAllInOne="true">
    <requires>
      <module name="sap/m/Page.js"/>
      <module name="sap/ui/core/mvc/XMLView.js"/>
    </requires>
  </module>
  <module name="sap/ui/fl/support/apps/contentbrowser/view/LayerContentMaster.view.xml" size="1221" excludeFromAllInOne="true">
    <requires>
      <module name="sap/m/Button.js"/>
      <module name="sap/m/List.js"/>
      <module name="sap/m/Page.js"/>
      <module name="sap/m/SearchField.js"/>
      <module name="sap/m/StandardListItem.js"/>
      <module name="sap/m/Toolbar.js"/>
      <module name="sap/ui/core/mvc/XMLView.js"/>
      <module name="sap/ui/fl/support/apps/contentbrowser/controller/LayerContentMaster.controller.js"/>
    </requires>
  </module>
  <module name="sap/ui/fl/support/apps/contentbrowser/view/Layers.view.xml" size="707" excludeFromAllInOne="true">
    <requires>
      <module name="sap/m/Button.js"/>
      <module name="sap/m/List.js"/>
      <module name="sap/m/Page.js"/>
      <module name="sap/m/StandardListItem.js"/>
      <module name="sap/m/Toolbar.js"/>
      <module name="sap/ui/core/mvc/XMLView.js"/>
      <module name="sap/ui/fl/support/apps/contentbrowser/controller/Layers.controller.js"/>
    </requires>
  </module>
  <module name="sap/ui/fl/support/apps/contentbrowser/view/MainView.view.xml" size="197" excludeFromAllInOne="true">
    <requires>
      <module name="sap/m/SplitApp.js"/>
      <module name="sap/ui/core/mvc/XMLView.js"/>
    </requires>
  </module>
  <module name="sap/ui/fl/transport/TransportDialog.js" size="14493" compressedSize="6476">
    <description>Provides control sap.ui.fl.transport.TransportDialog.</description>
    <requires>
      <module name="jquery.sap.global.js"/>
      <module name="sap/m/Button.js"/>
      <module name="sap/m/ComboBox.js"/>
      <module name="sap/m/Dialog.js"/>
      <module name="sap/m/DialogRenderer.js"/>
      <module name="sap/m/Input.js"/>
      <module name="sap/m/InputListItem.js"/>
      <module name="sap/m/Label.js"/>
      <module name="sap/m/List.js"/>
      <module name="sap/m/MessageToast.js"/>
      <module name="sap/ui/core/ListItem.js"/>
      <module name="sap/ui/fl/transport/Transports.js"/>
    </requires>
  </module>
  <module name="sap/ui/fl/transport/TransportSelection.js" size="13351" compressedSize="3185">
    <description>UI development toolkit for HTML5 (OpenUI5) (c) Copyright 2009-2017 SAP SE or an SAP affiliate company. Licensed under the Apache License, Version 2.0 - see LICENSE.txt.</description>
    <requires>
      <module name="jquery.sap.global.js"/>
      <module name="sap/ui/fl/Utils.js"/>
      <module name="sap/ui/fl/registry/Settings.js"/>
      <module name="sap/ui/fl/transport/TransportDialog.js"/>
      <module name="sap/ui/fl/transport/Transports.js"/>
    </requires>
  </module>
  <module name="sap/ui/fl/transport/Transports.js" size="4628" compressedSize="1534">
    <description>global Promise</description>
    <requires>
      <module name="jquery.sap.global.js"/>
      <module name="sap/ui/fl/LrepConnector.js"/>
      <module name="sap/ui/fl/Utils.js"/>
    </requires>
  </module>
  <module name="sap/ui/fl/variants/VariantController.js" size="6721" compressedSize="2513">
    <description>! UI development toolkit for HTML5 (OpenUI5) (c) Copyright 2009-2017 SAP SE or an SAP affiliate company. Licensed under the Apache License, Version 2.0 - see LICENSE.txt.</description>
    <requires>
      <module name="jquery.sap.global.js"/>
      <module name="sap/ui/fl/Change.js"/>
      <module name="sap/ui/fl/Utils.js"/>
    </requires>
  </module>
  <module name="sap/ui/fl/variants/VariantManagement.designtime.js" size="915" compressedSize="583">
    <description>Provides the Design Time Metadata for the sap.ui.fl.variants.VariantManagement control.</description>
    <requires>
      <module name="jquery.sap.global.js"/>
    </requires>
  </module>
  <module name="sap/ui/fl/variants/VariantManagement.js" size="45648" compressedSize="27491">
    <description>Provides control sap.ui.fl.variants.VariantManagement.</description>
    <requires>
      <module name="jquery.sap.global.js"/>
      <module name="sap/m/Bar.js"/>
      <module name="sap/m/Button.js"/>
      <module name="sap/m/ButtonType.js"/>
      <module name="sap/m/CheckBox.js"/>
      <module name="sap/m/Column.js"/>
      <module name="sap/m/ColumnListItem.js"/>
      <module name="sap/m/Dialog.js"/>
      <module name="sap/m/Input.js"/>
      <module name="sap/m/Label.js"/>
      <module name="sap/m/ObjectIdentifier.js"/>
      <module name="sap/m/OverflowToolbar.js"/>
      <module name="sap/m/OverflowToolbarLayoutData.js"/>
      <module name="sap/m/OverflowToolbarPriority.js"/>
      <module name="sap/m/Page.js"/>
      <module name="sap/m/PlacementType.js"/>
      <module name="sap/m/PopinDisplay.js"/>
      <module name="sap/m/RadioButton.js"/>
      <module name="sap/m/ResponsivePopover.js"/>
      <module name="sap/m/ScreenSize.js"/>
      <module name="sap/m/SearchField.js"/>
      <module name="sap/m/SelectList.js"/>
      <module name="sap/m/Table.js"/>
      <module name="sap/m/Text.js"/>
      <module name="sap/m/Toolbar.js"/>
      <module name="sap/m/ToolbarSpacer.js"/>
      <module name="sap/ui/Device.js"/>
      <module name="sap/ui/core/Control.js"/>
      <module name="sap/ui/core/InvisibleText.js"/>
      <module name="sap/ui/core/TextAlign.js"/>
      <module name="sap/ui/core/ValueState.js"/>
      <module name="sap/ui/fl/Utils.js"/>
      <module name="sap/ui/fl/changeHandler/BaseTreeModifier.js"/>
      <module name="sap/ui/fl/transport/TransportSelection.js"/>
      <module name="sap/ui/layout/Grid.js"/>
      <module name="sap/ui/layout/HorizontalLayout.js"/>
      <module name="sap/ui/model/Context.js"/>
      <module name="sap/ui/model/Filter.js"/>
      <module name="sap/ui/model/json/JSONModel.js"/>
    </requires>
  </module>
  <module name="sap/ui/fl/variants/VariantModel.js" size="4054" compressedSize="1327">
    <description>! UI development toolkit for HTML5 (OpenUI5) (c) Copyright 2009-2017 SAP SE or an SAP affiliate company. Licensed under the Apache License, Version 2.0 - see LICENSE.txt.</description>
    <requires>
      <module name="jquery.sap.global.js"/>
      <module name="sap/ui/fl/Utils.js"/>
      <module name="sap/ui/model/json/JSONModel.js"/>
    </requires>
  </module>
</library>
