{
	"_version": "1.1.0",
	"resources": [
		{
			"name": ".library"
		},
		{
			"name": ".theming"
		},
		{
			"name": "Cache-dbg.js",
			"module": "sap/ui/fl/Cache.js",
			"isDebug": true,
			"required": [
				"sap/ui/fl/Utils.js"
			]
		},
		{
			"name": "Cache.js",
			"module": "sap/ui/fl/Cache.js",
			"required": [
				"sap/ui/fl/Utils.js"
			]
		},
		{
			"name": "Change-dbg.js",
			"module": "sap/ui/fl/Change.js",
			"isDebug": true,
			"required": [
				"jquery.sap.global.js",
				"sap/ui/base/ManagedObject.js",
				"sap/ui/fl/Utils.js",
				"sap/ui/fl/registry/Settings.js"
			]
		},
		{
			"name": "Change.js",
			"module": "sap/ui/fl/Change.js",
			"required": [
				"jquery.sap.global.js",
				"sap/ui/base/ManagedObject.js",
				"sap/ui/fl/Utils.js",
				"sap/ui/fl/registry/Settings.js"
			]
		},
		{
			"name": "ChangePersistence-dbg.js",
			"module": "sap/ui/fl/ChangePersistence.js",
			"isDebug": true,
			"required": [
				"sap/ui/fl/Cache.js",
				"sap/ui/fl/Change.js",
				"sap/ui/fl/LrepConnector.js",
				"sap/ui/fl/Utils.js",
				"sap/ui/fl/context/ContextManager.js",
				"sap/ui/fl/registry/Settings.js",
				"sap/ui/fl/variants/VariantController.js"
			]
		},
		{
			"name": "ChangePersistence.js",
			"module": "sap/ui/fl/ChangePersistence.js",
			"required": [
				"sap/ui/fl/Cache.js",
				"sap/ui/fl/Change.js",
				"sap/ui/fl/LrepConnector.js",
				"sap/ui/fl/Utils.js",
				"sap/ui/fl/context/ContextManager.js",
				"sap/ui/fl/registry/Settings.js",
				"sap/ui/fl/variants/VariantController.js"
			]
		},
		{
			"name": "ChangePersistenceFactory-dbg.js",
			"module": "sap/ui/fl/ChangePersistenceFactory.js",
			"isDebug": true,
			"required": [
				"jquery.sap.global.js",
				"sap/ui/core/Component.js",
				"sap/ui/fl/ChangePersistence.js",
				"sap/ui/fl/Utils.js"
			]
		},
		{
			"name": "ChangePersistenceFactory.js",
			"module": "sap/ui/fl/ChangePersistenceFactory.js",
			"required": [
				"jquery.sap.global.js",
				"sap/ui/core/Component.js",
				"sap/ui/fl/ChangePersistence.js",
				"sap/ui/fl/Utils.js"
			]
		},
		{
			"name": "DefaultVariant-dbg.js",
			"module": "sap/ui/fl/DefaultVariant.js",
			"isDebug": true,
			"required": [
				"jquery.sap.global.js",
				"sap/ui/fl/Change.js"
			]
		},
		{
			"name": "DefaultVariant.js",
			"module": "sap/ui/fl/DefaultVariant.js",
			"required": [
				"jquery.sap.global.js",
				"sap/ui/fl/Change.js"
			]
		},
		{
			"name": "EventHistory-dbg.js",
			"module": "sap/ui/fl/EventHistory.js",
			"isDebug": true
		},
		{
			"name": "EventHistory.js",
			"module": "sap/ui/fl/EventHistory.js"
		},
		{
			"name": "FakeLrepConnector-dbg.js",
			"module": "sap/ui/fl/FakeLrepConnector.js",
			"isDebug": true,
			"required": [
				"jquery.sap.global.js",
				"sap/ui/fl/Cache.js",
				"sap/ui/fl/ChangePersistenceFactory.js",
				"sap/ui/fl/LrepConnector.js",
				"sap/ui/fl/Utils.js",
				"sap/ui/thirdparty/URI.js"
			]
		},
		{
			"name": "FakeLrepConnector.js",
			"module": "sap/ui/fl/FakeLrepConnector.js",
			"required": [
				"jquery.sap.global.js",
				"sap/ui/fl/Cache.js",
				"sap/ui/fl/ChangePersistenceFactory.js",
				"sap/ui/fl/LrepConnector.js",
				"sap/ui/fl/Utils.js",
				"sap/ui/thirdparty/URI.js"
			]
		},
		{
			"name": "FakeLrepConnectorLocalStorage-dbg.js",
			"module": "sap/ui/fl/FakeLrepConnectorLocalStorage.js",
			"isDebug": true,
			"required": [
				"sap/ui/fl/Cache.js",
				"sap/ui/fl/ChangePersistenceFactory.js",
				"sap/ui/fl/FakeLrepConnector.js",
				"sap/ui/fl/FakeLrepLocalStorage.js",
				"sap/ui/fl/LrepConnector.js"
			]
		},
		{
			"name": "FakeLrepConnectorLocalStorage.js",
			"module": "sap/ui/fl/FakeLrepConnectorLocalStorage.js",
			"required": [
				"sap/ui/fl/Cache.js",
				"sap/ui/fl/ChangePersistenceFactory.js",
				"sap/ui/fl/FakeLrepConnector.js",
				"sap/ui/fl/FakeLrepLocalStorage.js",
				"sap/ui/fl/LrepConnector.js"
			]
		},
		{
			"name": "FakeLrepLocalStorage-dbg.js",
			"module": "sap/ui/fl/FakeLrepLocalStorage.js",
			"isDebug": true
		},
		{
			"name": "FakeLrepLocalStorage.js",
			"module": "sap/ui/fl/FakeLrepLocalStorage.js"
		},
		{
			"name": "FlexController-dbg.js",
			"module": "sap/ui/fl/FlexController.js",
			"isDebug": true,
			"required": [
				"jquery.sap.global.js",
				"sap/ui/core/mvc/View.js",
				"sap/ui/fl/Cache.js",
				"sap/ui/fl/Change.js",
				"sap/ui/fl/ChangePersistenceFactory.js",
				"sap/ui/fl/LrepConnector.js",
				"sap/ui/fl/Persistence.js",
				"sap/ui/fl/Utils.js",
				"sap/ui/fl/changeHandler/JsControlTreeModifier.js",
				"sap/ui/fl/changeHandler/XmlTreeModifier.js",
				"sap/ui/fl/context/ContextManager.js",
				"sap/ui/fl/registry/ChangeRegistry.js",
				"sap/ui/fl/registry/Settings.js"
			]
		},
		{
			"name": "FlexController.js",
			"module": "sap/ui/fl/FlexController.js",
			"required": [
				"jquery.sap.global.js",
				"sap/ui/core/mvc/View.js",
				"sap/ui/fl/Cache.js",
				"sap/ui/fl/Change.js",
				"sap/ui/fl/ChangePersistenceFactory.js",
				"sap/ui/fl/LrepConnector.js",
				"sap/ui/fl/Persistence.js",
				"sap/ui/fl/Utils.js",
				"sap/ui/fl/changeHandler/JsControlTreeModifier.js",
				"sap/ui/fl/changeHandler/XmlTreeModifier.js",
				"sap/ui/fl/context/ContextManager.js",
				"sap/ui/fl/registry/ChangeRegistry.js",
				"sap/ui/fl/registry/Settings.js"
			]
		},
		{
			"name": "FlexControllerFactory-dbg.js",
			"module": "sap/ui/fl/FlexControllerFactory.js",
			"isDebug": true,
			"required": [
				"jquery.sap.global.js",
				"sap/ui/fl/ChangePersistenceFactory.js",
				"sap/ui/fl/FlexController.js",
				"sap/ui/fl/Utils.js",
				"sap/ui/fl/variants/VariantModel.js"
			]
		},
		{
			"name": "FlexControllerFactory.js",
			"module": "sap/ui/fl/FlexControllerFactory.js",
			"required": [
				"jquery.sap.global.js",
				"sap/ui/fl/ChangePersistenceFactory.js",
				"sap/ui/fl/FlexController.js",
				"sap/ui/fl/Utils.js",
				"sap/ui/fl/variants/VariantModel.js"
			]
		},
		{
			"name": "LrepConnector-dbg.js",
			"module": "sap/ui/fl/LrepConnector.js",
			"isDebug": true,
			"required": [
				"jquery.sap.global.js",
				"sap/ui/fl/Utils.js",
				"sap/ui/thirdparty/URI.js"
			]
		},
		{
			"name": "LrepConnector.js",
			"module": "sap/ui/fl/LrepConnector.js",
			"required": [
				"jquery.sap.global.js",
				"sap/ui/fl/Utils.js",
				"sap/ui/thirdparty/URI.js"
			]
		},
		{
			"name": "Persistence-dbg.js",
			"module": "sap/ui/fl/Persistence.js",
			"isDebug": true,
			"required": [
				"jquery.sap.global.js",
				"sap/ui/fl/Cache.js",
				"sap/ui/fl/Change.js",
				"sap/ui/fl/DefaultVariant.js",
				"sap/ui/fl/LrepConnector.js",
				"sap/ui/fl/StandardVariant.js",
				"sap/ui/fl/Utils.js"
			]
		},
		{
			"name": "Persistence.js",
			"module": "sap/ui/fl/Persistence.js",
			"required": [
				"jquery.sap.global.js",
				"sap/ui/fl/Cache.js",
				"sap/ui/fl/Change.js",
				"sap/ui/fl/DefaultVariant.js",
				"sap/ui/fl/LrepConnector.js",
				"sap/ui/fl/StandardVariant.js",
				"sap/ui/fl/Utils.js"
			]
		},
		{
			"name": "Preprocessor-dbg.js",
			"module": "sap/ui/fl/Preprocessor.js",
			"isDebug": true,
			"required": [
				"jquery.sap.global.js",
				"sap/ui/base/Object.js"
			]
		},
		{
			"name": "Preprocessor.js",
			"module": "sap/ui/fl/Preprocessor.js",
			"required": [
				"jquery.sap.global.js",
				"sap/ui/base/Object.js"
			]
		},
		{
			"name": "PreprocessorImpl-dbg.js",
			"module": "sap/ui/fl/PreprocessorImpl.js",
			"isDebug": true,
			"required": [
				"jquery.sap.global.js",
				"sap/ui/core/Component.js",
				"sap/ui/fl/ChangePersistenceFactory.js",
				"sap/ui/fl/FlexControllerFactory.js",
				"sap/ui/fl/LrepConnector.js",
				"sap/ui/fl/Utils.js"
			]
		},
		{
			"name": "PreprocessorImpl.js",
			"module": "sap/ui/fl/PreprocessorImpl.js",
			"required": [
				"jquery.sap.global.js",
				"sap/ui/core/Component.js",
				"sap/ui/fl/ChangePersistenceFactory.js",
				"sap/ui/fl/FlexControllerFactory.js",
				"sap/ui/fl/LrepConnector.js",
				"sap/ui/fl/Utils.js"
			]
		},
		{
			"name": "RegistrationDelegator-dbg.js",
			"module": "sap/ui/fl/RegistrationDelegator.js",
			"isDebug": true,
			"required": [
				"sap/ui/core/Component.js",
				"sap/ui/core/mvc/Controller.js",
				"sap/ui/core/mvc/XMLView.js",
				"sap/ui/fl/ChangePersistenceFactory.js",
				"sap/ui/fl/EventHistory.js",
				"sap/ui/fl/FlexControllerFactory.js",
				"sap/ui/fl/registry/ChangeHandlerRegistration.js"
			]
		},
		{
			"name": "RegistrationDelegator.js",
			"module": "sap/ui/fl/RegistrationDelegator.js",
			"required": [
				"sap/ui/core/Component.js",
				"sap/ui/core/mvc/Controller.js",
				"sap/ui/core/mvc/XMLView.js",
				"sap/ui/fl/ChangePersistenceFactory.js",
				"sap/ui/fl/EventHistory.js",
				"sap/ui/fl/FlexControllerFactory.js",
				"sap/ui/fl/registry/ChangeHandlerRegistration.js"
			]
		},
		{
			"name": "StandardVariant-dbg.js",
			"module": "sap/ui/fl/StandardVariant.js",
			"isDebug": true,
			"required": [
				"jquery.sap.global.js",
				"sap/ui/fl/Change.js"
			]
		},
		{
			"name": "StandardVariant.js",
			"module": "sap/ui/fl/StandardVariant.js",
			"required": [
				"jquery.sap.global.js",
				"sap/ui/fl/Change.js"
			]
		},
		{
			"name": "Utils-dbg.js",
			"module": "sap/ui/fl/Utils.js",
			"isDebug": true,
			"required": [
				"jquery.sap.global.js",
				"sap/ui/core/Component.js"
			]
		},
		{
			"name": "Utils.js",
			"module": "sap/ui/fl/Utils.js",
			"required": [
				"jquery.sap.global.js",
				"sap/ui/core/Component.js"
			]
		},
		{
			"name": "XmlPreprocessorImpl-dbg.js",
			"module": "sap/ui/fl/XmlPreprocessorImpl.js",
			"isDebug": true,
			"required": [
				"jquery.sap.global.js",
				"sap/ui/core/Component.js",
				"sap/ui/fl/ChangePersistence.js",
				"sap/ui/fl/ChangePersistenceFactory.js",
				"sap/ui/fl/FlexControllerFactory.js",
				"sap/ui/fl/LrepConnector.js",
				"sap/ui/fl/Utils.js"
			]
		},
		{
			"name": "XmlPreprocessorImpl.js",
			"module": "sap/ui/fl/XmlPreprocessorImpl.js",
			"required": [
				"jquery.sap.global.js",
				"sap/ui/core/Component.js",
				"sap/ui/fl/ChangePersistence.js",
				"sap/ui/fl/ChangePersistenceFactory.js",
				"sap/ui/fl/FlexControllerFactory.js",
				"sap/ui/fl/LrepConnector.js",
				"sap/ui/fl/Utils.js"
			]
		},
		{
			"name": "changeHandler/Base-dbg.js",
			"module": "sap/ui/fl/changeHandler/Base.js",
			"isDebug": true
		},
		{
			"name": "changeHandler/Base.js",
			"module": "sap/ui/fl/changeHandler/Base.js"
		},
		{
			"name": "changeHandler/BaseRename-dbg.js",
			"module": "sap/ui/fl/changeHandler/BaseRename.js",
			"isDebug": true,
			"required": [
				"jquery.sap.global.js",
				"sap/ui/fl/Utils.js",
				"sap/ui/fl/changeHandler/Base.js"
			]
		},
		{
			"name": "changeHandler/BaseRename.js",
			"module": "sap/ui/fl/changeHandler/BaseRename.js",
			"required": [
				"jquery.sap.global.js",
				"sap/ui/fl/Utils.js",
				"sap/ui/fl/changeHandler/Base.js"
			]
		},
		{
			"name": "changeHandler/BaseTreeModifier-dbg.js",
			"module": "sap/ui/fl/changeHandler/BaseTreeModifier.js",
			"isDebug": true,
			"required": [
				"sap/ui/base/ManagedObject.js",
				"sap/ui/fl/Utils.js"
			]
		},
		{
			"name": "changeHandler/BaseTreeModifier.js",
			"module": "sap/ui/fl/changeHandler/BaseTreeModifier.js",
			"required": [
				"sap/ui/base/ManagedObject.js",
				"sap/ui/fl/Utils.js"
			]
		},
		{
			"name": "changeHandler/ChangeHandlerMediator-dbg.js",
			"module": "sap/ui/fl/changeHandler/ChangeHandlerMediator.js",
			"isDebug": true,
			"required": [
				"jquery.sap.global.js"
			]
		},
		{
			"name": "changeHandler/ChangeHandlerMediator.js",
			"module": "sap/ui/fl/changeHandler/ChangeHandlerMediator.js",
			"required": [
				"jquery.sap.global.js"
			]
		},
		{
			"name": "changeHandler/HideControl-dbg.js",
			"module": "sap/ui/fl/changeHandler/HideControl.js",
			"isDebug": true,
			"required": [
				"jquery.sap.global.js"
			]
		},
		{
			"name": "changeHandler/HideControl.js",
			"module": "sap/ui/fl/changeHandler/HideControl.js",
			"required": [
				"jquery.sap.global.js"
			]
		},
		{
			"name": "changeHandler/JsControlTreeModifier-dbg.js",
			"module": "sap/ui/fl/changeHandler/JsControlTreeModifier.js",
			"isDebug": true,
			"required": [
				"sap/ui/fl/Utils.js",
				"sap/ui/fl/changeHandler/BaseTreeModifier.js"
			]
		},
		{
			"name": "changeHandler/JsControlTreeModifier.js",
			"module": "sap/ui/fl/changeHandler/JsControlTreeModifier.js",
			"required": [
				"sap/ui/fl/Utils.js",
				"sap/ui/fl/changeHandler/BaseTreeModifier.js"
			]
		},
		{
			"name": "changeHandler/MoveControls-dbg.js",
			"module": "sap/ui/fl/changeHandler/MoveControls.js",
			"isDebug": true,
			"required": [
				"jquery.sap.global.js",
				"sap/ui/fl/Utils.js",
				"sap/ui/fl/changeHandler/Base.js"
			]
		},
		{
			"name": "changeHandler/MoveControls.js",
			"module": "sap/ui/fl/changeHandler/MoveControls.js",
			"required": [
				"jquery.sap.global.js",
				"sap/ui/fl/Utils.js",
				"sap/ui/fl/changeHandler/Base.js"
			]
		},
		{
			"name": "changeHandler/MoveElements-dbg.js",
			"module": "sap/ui/fl/changeHandler/MoveElements.js",
			"isDebug": true,
			"required": [
				"jquery.sap.global.js",
				"sap/ui/fl/Utils.js",
				"sap/ui/fl/changeHandler/Base.js",
				"sap/ui/fl/changeHandler/JsControlTreeModifier.js"
			]
		},
		{
			"name": "changeHandler/MoveElements.js",
			"module": "sap/ui/fl/changeHandler/MoveElements.js",
			"required": [
				"jquery.sap.global.js",
				"sap/ui/fl/Utils.js",
				"sap/ui/fl/changeHandler/Base.js",
				"sap/ui/fl/changeHandler/JsControlTreeModifier.js"
			]
		},
		{
			"name": "changeHandler/PropertyBindingChange-dbg.js",
			"module": "sap/ui/fl/changeHandler/PropertyBindingChange.js",
			"isDebug": true,
			"required": [
				"jquery.sap.global.js",
				"sap/ui/fl/Utils.js",
				"sap/ui/fl/changeHandler/Base.js"
			]
		},
		{
			"name": "changeHandler/PropertyBindingChange.js",
			"module": "sap/ui/fl/changeHandler/PropertyBindingChange.js",
			"required": [
				"jquery.sap.global.js",
				"sap/ui/fl/Utils.js",
				"sap/ui/fl/changeHandler/Base.js"
			]
		},
		{
			"name": "changeHandler/PropertyChange-dbg.js",
			"module": "sap/ui/fl/changeHandler/PropertyChange.js",
			"isDebug": true,
			"required": [
				"jquery.sap.global.js",
				"sap/ui/fl/Utils.js",
				"sap/ui/fl/changeHandler/Base.js"
			]
		},
		{
			"name": "changeHandler/PropertyChange.js",
			"module": "sap/ui/fl/changeHandler/PropertyChange.js",
			"required": [
				"jquery.sap.global.js",
				"sap/ui/fl/Utils.js",
				"sap/ui/fl/changeHandler/Base.js"
			]
		},
		{
			"name": "changeHandler/StashControl-dbg.js",
			"module": "sap/ui/fl/changeHandler/StashControl.js",
			"isDebug": true,
			"required": [
				"jquery.sap.global.js"
			]
		},
		{
			"name": "changeHandler/StashControl.js",
			"module": "sap/ui/fl/changeHandler/StashControl.js",
			"required": [
				"jquery.sap.global.js"
			]
		},
		{
			"name": "changeHandler/UnhideControl-dbg.js",
			"module": "sap/ui/fl/changeHandler/UnhideControl.js",
			"isDebug": true,
			"required": [
				"jquery.sap.global.js"
			]
		},
		{
			"name": "changeHandler/UnhideControl.js",
			"module": "sap/ui/fl/changeHandler/UnhideControl.js",
			"required": [
				"jquery.sap.global.js"
			]
		},
		{
			"name": "changeHandler/UnstashControl-dbg.js",
			"module": "sap/ui/fl/changeHandler/UnstashControl.js",
			"isDebug": true,
			"required": [
				"jquery.sap.global.js"
			]
		},
		{
			"name": "changeHandler/UnstashControl.js",
			"module": "sap/ui/fl/changeHandler/UnstashControl.js",
			"required": [
				"jquery.sap.global.js"
			]
		},
		{
			"name": "changeHandler/XmlTreeModifier-dbg.js",
			"module": "sap/ui/fl/changeHandler/XmlTreeModifier.js",
			"isDebug": true,
			"required": [
				"sap/ui/base/DataType.js",
				"sap/ui/fl/changeHandler/BaseTreeModifier.js"
			]
		},
		{
			"name": "changeHandler/XmlTreeModifier.js",
			"module": "sap/ui/fl/changeHandler/XmlTreeModifier.js",
			"required": [
				"sap/ui/base/DataType.js",
				"sap/ui/fl/changeHandler/BaseTreeModifier.js"
			]
		},
		{
			"name": "codeExt/CodeExtManager-dbg.js",
			"module": "sap/ui/fl/codeExt/CodeExtManager.js",
			"isDebug": true,
			"required": [
				"sap/ui/fl/Change.js",
				"sap/ui/fl/LrepConnector.js",
				"sap/ui/fl/Utils.js"
			]
		},
		{
			"name": "codeExt/CodeExtManager.js",
			"module": "sap/ui/fl/codeExt/CodeExtManager.js",
			"required": [
				"sap/ui/fl/Change.js",
				"sap/ui/fl/LrepConnector.js",
				"sap/ui/fl/Utils.js"
			]
		},
		{
			"name": "context/BaseContextProvider-dbg.js",
			"module": "sap/ui/fl/context/BaseContextProvider.js",
			"isDebug": true,
			"required": [
				"sap/ui/base/ManagedObject.js"
			]
		},
		{
			"name": "context/BaseContextProvider.js",
			"module": "sap/ui/fl/context/BaseContextProvider.js",
			"required": [
				"sap/ui/base/ManagedObject.js"
			]
		},
		{
			"name": "context/Context-dbg.js",
			"module": "sap/ui/fl/context/Context.js",
			"isDebug": true,
			"required": [
				"sap/ui/base/ManagedObject.js"
			]
		},
		{
			"name": "context/Context.js",
			"module": "sap/ui/fl/context/Context.js",
			"required": [
				"sap/ui/base/ManagedObject.js"
			]
		},
		{
			"name": "context/ContextManager-dbg.js",
			"module": "sap/ui/fl/context/ContextManager.js",
			"isDebug": true,
			"required": [
				"sap/ui/fl/LrepConnector.js",
				"sap/ui/fl/Utils.js",
				"sap/ui/fl/context/Context.js"
			]
		},
		{
			"name": "context/ContextManager.js",
			"module": "sap/ui/fl/context/ContextManager.js",
			"required": [
				"sap/ui/fl/LrepConnector.js",
				"sap/ui/fl/Utils.js",
				"sap/ui/fl/context/Context.js"
			]
		},
		{
			"name": "context/DeviceContextProvider-dbg.js",
			"module": "sap/ui/fl/context/DeviceContextProvider.js",
			"isDebug": true,
			"required": [
				"sap/ui/Device.js",
				"sap/ui/fl/context/BaseContextProvider.js"
			]
		},
		{
			"name": "context/DeviceContextProvider.js",
			"module": "sap/ui/fl/context/DeviceContextProvider.js",
			"required": [
				"sap/ui/Device.js",
				"sap/ui/fl/context/BaseContextProvider.js"
			]
		},
		{
			"name": "context/SwitchContextProvider-dbg.js",
			"module": "sap/ui/fl/context/SwitchContextProvider.js",
			"isDebug": true,
			"required": [
				"sap/ui/fl/Cache.js",
				"sap/ui/fl/context/BaseContextProvider.js"
			]
		},
		{
			"name": "context/SwitchContextProvider.js",
			"module": "sap/ui/fl/context/SwitchContextProvider.js",
			"required": [
				"sap/ui/fl/Cache.js",
				"sap/ui/fl/context/BaseContextProvider.js"
			]
		},
		{
			"name": "core/EventDelegate-dbg.js",
			"module": "sap/ui/fl/core/EventDelegate.js",
			"isDebug": true,
			"required": [
				"jquery.sap.global.js",
				"sap/ui/base/EventProvider.js",
				"sap/ui/fl/Utils.js",
				"sap/ui/fl/core/FlexVisualizer.js",
				"sap/ui/fl/registry/ChangeRegistry.js"
			]
		},
		{
			"name": "core/EventDelegate.js",
			"module": "sap/ui/fl/core/EventDelegate.js",
			"required": [
				"jquery.sap.global.js",
				"sap/ui/base/EventProvider.js",
				"sap/ui/fl/Utils.js",
				"sap/ui/fl/core/FlexVisualizer.js",
				"sap/ui/fl/registry/ChangeRegistry.js"
			]
		},
		{
			"name": "core/FlexVisualizer-dbg.js",
			"module": "sap/ui/fl/core/FlexVisualizer.js",
			"isDebug": true,
			"required": [
				"jquery.sap.global.js"
			]
		},
		{
			"name": "core/FlexVisualizer.js",
			"module": "sap/ui/fl/core/FlexVisualizer.js",
			"required": [
				"jquery.sap.global.js"
			]
		},
		{
			"name": "descriptorRelated/api/DescriptorChangeFactory-dbg.js",
			"module": "sap/ui/fl/descriptorRelated/api/DescriptorChangeFactory.js",
			"isDebug": true,
			"required": [
				"sap/ui/fl/Change.js",
				"sap/ui/fl/ChangePersistence.js",
				"sap/ui/fl/ChangePersistenceFactory.js",
				"sap/ui/fl/Utils.js",
				"sap/ui/fl/descriptorRelated/internal/Utils.js",
				"sap/ui/fl/registry/Settings.js"
			]
		},
		{
			"name": "descriptorRelated/api/DescriptorChangeFactory.js",
			"module": "sap/ui/fl/descriptorRelated/api/DescriptorChangeFactory.js",
			"required": [
				"sap/ui/fl/Change.js",
				"sap/ui/fl/ChangePersistence.js",
				"sap/ui/fl/ChangePersistenceFactory.js",
				"sap/ui/fl/Utils.js",
				"sap/ui/fl/descriptorRelated/internal/Utils.js",
				"sap/ui/fl/registry/Settings.js"
			]
		},
		{
			"name": "descriptorRelated/api/DescriptorInlineChangeFactory-dbg.js",
			"module": "sap/ui/fl/descriptorRelated/api/DescriptorInlineChangeFactory.js",
			"isDebug": true,
			"required": [
				"sap/ui/fl/descriptorRelated/internal/Utils.js"
			]
		},
		{
			"name": "descriptorRelated/api/DescriptorInlineChangeFactory.js",
			"module": "sap/ui/fl/descriptorRelated/api/DescriptorInlineChangeFactory.js",
			"required": [
				"sap/ui/fl/descriptorRelated/internal/Utils.js"
			]
		},
		{
			"name": "descriptorRelated/api/DescriptorVariantFactory-dbg.js",
			"module": "sap/ui/fl/descriptorRelated/api/DescriptorVariantFactory.js",
			"isDebug": true,
			"required": [
				"sap/ui/fl/LrepConnector.js",
				"sap/ui/fl/Utils.js",
				"sap/ui/fl/descriptorRelated/api/DescriptorInlineChangeFactory.js",
				"sap/ui/fl/descriptorRelated/internal/Utils.js",
				"sap/ui/fl/registry/Settings.js"
			]
		},
		{
			"name": "descriptorRelated/api/DescriptorVariantFactory.js",
			"module": "sap/ui/fl/descriptorRelated/api/DescriptorVariantFactory.js",
			"required": [
				"sap/ui/fl/LrepConnector.js",
				"sap/ui/fl/Utils.js",
				"sap/ui/fl/descriptorRelated/api/DescriptorInlineChangeFactory.js",
				"sap/ui/fl/descriptorRelated/internal/Utils.js",
				"sap/ui/fl/registry/Settings.js"
			]
		},
		{
			"name": "descriptorRelated/internal/Utils-dbg.js",
			"module": "sap/ui/fl/descriptorRelated/internal/Utils.js",
			"isDebug": true
		},
		{
			"name": "descriptorRelated/internal/Utils.js",
			"module": "sap/ui/fl/descriptorRelated/internal/Utils.js"
		},
		{
			"name": "fieldExt/Access-dbg.js",
			"module": "sap/ui/fl/fieldExt/Access.js",
			"isDebug": true,
			"required": [
				"jquery.sap.storage.js"
			]
		},
		{
			"name": "fieldExt/Access.js",
			"module": "sap/ui/fl/fieldExt/Access.js",
			"required": [
				"jquery.sap.storage.js"
			]
		},
		{
			"name": "library-all-dbg.js",
			"isDebug": true,
			"merged": true
		},
		{
			"name": "library-all.js",
			"merged": true
		},
		{
			"name": "library-dbg.js",
			"module": "sap/ui/fl/library.js",
			"isDebug": true,
			"required": [
				"sap/ui/fl/RegistrationDelegator.js"
			]
		},
		{
			"name": "library-preload.js",
			"module": "sap/ui/fl/library-preload.js",
			"merged": true,
			"required": [
				"jquery.sap.global.js",
				"jquery.sap.storage.js",
				"sap/m/Bar.js",
				"sap/m/Button.js",
				"sap/m/ButtonType.js",
				"sap/m/CheckBox.js",
				"sap/m/Column.js",
				"sap/m/ColumnListItem.js",
				"sap/m/ComboBox.js",
				"sap/m/Dialog.js",
				"sap/m/DialogRenderer.js",
				"sap/m/Input.js",
				"sap/m/InputListItem.js",
				"sap/m/Label.js",
				"sap/m/List.js",
				"sap/m/MessageToast.js",
				"sap/m/ObjectIdentifier.js",
				"sap/m/OverflowToolbar.js",
				"sap/m/OverflowToolbarLayoutData.js",
				"sap/m/OverflowToolbarPriority.js",
				"sap/m/Page.js",
				"sap/m/PlacementType.js",
				"sap/m/PopinDisplay.js",
				"sap/m/RadioButton.js",
				"sap/m/ResponsivePopover.js",
				"sap/m/ScreenSize.js",
				"sap/m/SearchField.js",
				"sap/m/SelectList.js",
				"sap/m/Table.js",
				"sap/m/Text.js",
				"sap/m/Toolbar.js",
				"sap/m/ToolbarSpacer.js",
				"sap/ui/Device.js",
				"sap/ui/base/DataType.js",
				"sap/ui/base/EventProvider.js",
				"sap/ui/base/ManagedObject.js",
				"sap/ui/base/Object.js",
				"sap/ui/core/Component.js",
				"sap/ui/core/Control.js",
				"sap/ui/core/InvisibleText.js",
				"sap/ui/core/ListItem.js",
				"sap/ui/core/TextAlign.js",
				"sap/ui/core/ValueState.js",
				"sap/ui/core/mvc/Controller.js",
				"sap/ui/core/mvc/View.js",
				"sap/ui/core/mvc/XMLView.js",
				"sap/ui/layout/Grid.js",
				"sap/ui/layout/HorizontalLayout.js",
				"sap/ui/model/Context.js",
				"sap/ui/model/Filter.js",
				"sap/ui/model/json/JSONModel.js",
				"sap/ui/thirdparty/URI.js"
			],
			"included": [
				"sap/ui/fl/Cache.js",
				"sap/ui/fl/Change.js",
				"sap/ui/fl/ChangePersistence.js",
				"sap/ui/fl/ChangePersistenceFactory.js",
				"sap/ui/fl/DefaultVariant.js",
				"sap/ui/fl/EventHistory.js",
				"sap/ui/fl/FakeLrepConnector.js",
				"sap/ui/fl/FakeLrepConnectorLocalStorage.js",
				"sap/ui/fl/FakeLrepLocalStorage.js",
				"sap/ui/fl/FlexController.js",
				"sap/ui/fl/FlexControllerFactory.js",
				"sap/ui/fl/LrepConnector.js",
				"sap/ui/fl/Persistence.js",
				"sap/ui/fl/Preprocessor.js",
				"sap/ui/fl/PreprocessorImpl.js",
				"sap/ui/fl/RegistrationDelegator.js",
				"sap/ui/fl/StandardVariant.js",
				"sap/ui/fl/Utils.js",
				"sap/ui/fl/XmlPreprocessorImpl.js",
				"sap/ui/fl/changeHandler/Base.js",
				"sap/ui/fl/changeHandler/BaseRename.js",
				"sap/ui/fl/changeHandler/BaseTreeModifier.js",
				"sap/ui/fl/changeHandler/ChangeHandlerMediator.js",
				"sap/ui/fl/changeHandler/HideControl.js",
				"sap/ui/fl/changeHandler/JsControlTreeModifier.js",
				"sap/ui/fl/changeHandler/MoveControls.js",
				"sap/ui/fl/changeHandler/MoveElements.js",
				"sap/ui/fl/changeHandler/PropertyBindingChange.js",
				"sap/ui/fl/changeHandler/PropertyChange.js",
				"sap/ui/fl/changeHandler/StashControl.js",
				"sap/ui/fl/changeHandler/UnhideControl.js",
				"sap/ui/fl/changeHandler/UnstashControl.js",
				"sap/ui/fl/changeHandler/XmlTreeModifier.js",
				"sap/ui/fl/codeExt/CodeExtManager.js",
				"sap/ui/fl/context/BaseContextProvider.js",
				"sap/ui/fl/context/Context.js",
				"sap/ui/fl/context/ContextManager.js",
				"sap/ui/fl/context/DeviceContextProvider.js",
				"sap/ui/fl/context/SwitchContextProvider.js",
				"sap/ui/fl/core/EventDelegate.js",
				"sap/ui/fl/core/FlexVisualizer.js",
				"sap/ui/fl/descriptorRelated/api/DescriptorChangeFactory.js",
				"sap/ui/fl/descriptorRelated/api/DescriptorInlineChangeFactory.js",
				"sap/ui/fl/descriptorRelated/api/DescriptorVariantFactory.js",
				"sap/ui/fl/descriptorRelated/internal/Utils.js",
				"sap/ui/fl/fieldExt/Access.js",
				"sap/ui/fl/library.js",
				"sap/ui/fl/manifest.json",
				"sap/ui/fl/registry/ChangeHandlerRegistration.js",
				"sap/ui/fl/registry/ChangeRegistry.js",
				"sap/ui/fl/registry/ChangeRegistryItem.js",
				"sap/ui/fl/registry/ChangeTypeMetadata.js",
				"sap/ui/fl/registry/Settings.js",
				"sap/ui/fl/registry/SimpleChanges.js",
				"sap/ui/fl/transport/TransportDialog.js",
				"sap/ui/fl/transport/TransportSelection.js",
				"sap/ui/fl/transport/Transports.js",
				"sap/ui/fl/variants/VariantController.js",
				"sap/ui/fl/variants/VariantManagement.designtime.js",
				"sap/ui/fl/variants/VariantManagement.js",
				"sap/ui/fl/variants/VariantModel.js"
			]
		},
		{
			"name": "library-preload.js.map",
			"isDebug": true
		},
		{
			"name": "library-preload.json",
			"module": "sap/ui/fl/library-preload.json",
			"merged": true,
			"required": [
				"jquery.sap.global.js",
				"jquery.sap.storage.js",
				"sap/m/Bar.js",
				"sap/m/Button.js",
				"sap/m/ButtonType.js",
				"sap/m/CheckBox.js",
				"sap/m/Column.js",
				"sap/m/ColumnListItem.js",
				"sap/m/ComboBox.js",
				"sap/m/Dialog.js",
				"sap/m/DialogRenderer.js",
				"sap/m/Input.js",
				"sap/m/InputListItem.js",
				"sap/m/Label.js",
				"sap/m/List.js",
				"sap/m/MessageToast.js",
				"sap/m/ObjectIdentifier.js",
				"sap/m/OverflowToolbar.js",
				"sap/m/OverflowToolbarLayoutData.js",
				"sap/m/OverflowToolbarPriority.js",
				"sap/m/Page.js",
				"sap/m/PlacementType.js",
				"sap/m/PopinDisplay.js",
				"sap/m/RadioButton.js",
				"sap/m/ResponsivePopover.js",
				"sap/m/ScreenSize.js",
				"sap/m/SearchField.js",
				"sap/m/SelectList.js",
				"sap/m/Table.js",
				"sap/m/Text.js",
				"sap/m/Toolbar.js",
				"sap/m/ToolbarSpacer.js",
				"sap/m/library-preload.json",
				"sap/ui/Device.js",
				"sap/ui/base/DataType.js",
				"sap/ui/base/EventProvider.js",
				"sap/ui/base/ManagedObject.js",
				"sap/ui/base/Object.js",
				"sap/ui/core/Component.js",
				"sap/ui/core/Control.js",
				"sap/ui/core/InvisibleText.js",
				"sap/ui/core/ListItem.js",
				"sap/ui/core/TextAlign.js",
				"sap/ui/core/ValueState.js",
				"sap/ui/core/library-preload.json",
				"sap/ui/core/mvc/Controller.js",
				"sap/ui/core/mvc/View.js",
				"sap/ui/core/mvc/XMLView.js",
				"sap/ui/layout/Grid.js",
				"sap/ui/layout/HorizontalLayout.js",
				"sap/ui/model/Context.js",
				"sap/ui/model/Filter.js",
				"sap/ui/model/json/JSONModel.js",
				"sap/ui/thirdparty/URI.js"
			],
			"included": [
				"sap/ui/fl/Cache.js",
				"sap/ui/fl/Change.js",
				"sap/ui/fl/ChangePersistence.js",
				"sap/ui/fl/ChangePersistenceFactory.js",
				"sap/ui/fl/DefaultVariant.js",
				"sap/ui/fl/EventHistory.js",
				"sap/ui/fl/FakeLrepConnector.js",
				"sap/ui/fl/FakeLrepConnectorLocalStorage.js",
				"sap/ui/fl/FakeLrepLocalStorage.js",
				"sap/ui/fl/FlexController.js",
				"sap/ui/fl/FlexControllerFactory.js",
				"sap/ui/fl/LrepConnector.js",
				"sap/ui/fl/Persistence.js",
				"sap/ui/fl/Preprocessor.js",
				"sap/ui/fl/PreprocessorImpl.js",
				"sap/ui/fl/RegistrationDelegator.js",
				"sap/ui/fl/StandardVariant.js",
				"sap/ui/fl/Utils.js",
				"sap/ui/fl/XmlPreprocessorImpl.js",
				"sap/ui/fl/changeHandler/Base.js",
				"sap/ui/fl/changeHandler/BaseRename.js",
				"sap/ui/fl/changeHandler/BaseTreeModifier.js",
				"sap/ui/fl/changeHandler/ChangeHandlerMediator.js",
				"sap/ui/fl/changeHandler/HideControl.js",
				"sap/ui/fl/changeHandler/JsControlTreeModifier.js",
				"sap/ui/fl/changeHandler/MoveControls.js",
				"sap/ui/fl/changeHandler/MoveElements.js",
				"sap/ui/fl/changeHandler/PropertyBindingChange.js",
				"sap/ui/fl/changeHandler/PropertyChange.js",
				"sap/ui/fl/changeHandler/StashControl.js",
				"sap/ui/fl/changeHandler/UnhideControl.js",
				"sap/ui/fl/changeHandler/UnstashControl.js",
				"sap/ui/fl/changeHandler/XmlTreeModifier.js",
				"sap/ui/fl/codeExt/CodeExtManager.js",
				"sap/ui/fl/context/BaseContextProvider.js",
				"sap/ui/fl/context/Context.js",
				"sap/ui/fl/context/ContextManager.js",
				"sap/ui/fl/context/DeviceContextProvider.js",
				"sap/ui/fl/context/SwitchContextProvider.js",
				"sap/ui/fl/core/EventDelegate.js",
				"sap/ui/fl/core/FlexVisualizer.js",
				"sap/ui/fl/descriptorRelated/api/DescriptorChangeFactory.js",
				"sap/ui/fl/descriptorRelated/api/DescriptorInlineChangeFactory.js",
				"sap/ui/fl/descriptorRelated/api/DescriptorVariantFactory.js",
				"sap/ui/fl/descriptorRelated/internal/Utils.js",
				"sap/ui/fl/fieldExt/Access.js",
				"sap/ui/fl/library.js",
				"sap/ui/fl/manifest.json",
				"sap/ui/fl/registry/ChangeHandlerRegistration.js",
				"sap/ui/fl/registry/ChangeRegistry.js",
				"sap/ui/fl/registry/ChangeRegistryItem.js",
				"sap/ui/fl/registry/ChangeTypeMetadata.js",
				"sap/ui/fl/registry/Settings.js",
				"sap/ui/fl/registry/SimpleChanges.js",
				"sap/ui/fl/transport/TransportDialog.js",
				"sap/ui/fl/transport/TransportSelection.js",
				"sap/ui/fl/transport/Transports.js",
				"sap/ui/fl/variants/VariantController.js",
				"sap/ui/fl/variants/VariantManagement.designtime.js",
				"sap/ui/fl/variants/VariantManagement.js",
				"sap/ui/fl/variants/VariantModel.js"
			]
		},
		{
			"name": "library.dependencies.json",
			"designtime": true
		},
		{
			"name": "library.dependencies.xml",
			"designtime": true
		},
		{
			"name": "library.js",
			"module": "sap/ui/fl/library.js",
			"required": [
				"sap/ui/fl/RegistrationDelegator.js"
			]
		},
		{
			"name": "library.templates.xml",
			"designtime": true
		},
		{
			"name": "manifest.json",
			"module": "sap/ui/fl/manifest.json"
		},
		{
			"name": "messagebundle.properties",
			"module": "sap/ui/fl/messagebundle.properties",
			"locale": "",
			"raw": "messagebundle.properties"
		},
		{
			"name": "messagebundle_ar.properties",
			"module": "sap/ui/fl/messagebundle_ar.properties",
			"locale": "ar",
			"raw": "messagebundle.properties"
		},
		{
			"name": "messagebundle_bg.properties",
			"module": "sap/ui/fl/messagebundle_bg.properties",
			"locale": "bg",
			"raw": "messagebundle.properties"
		},
		{
			"name": "messagebundle_ca.properties",
			"module": "sap/ui/fl/messagebundle_ca.properties",
			"locale": "ca",
			"raw": "messagebundle.properties"
		},
		{
			"name": "messagebundle_cs.properties",
			"module": "sap/ui/fl/messagebundle_cs.properties",
			"locale": "cs",
			"raw": "messagebundle.properties"
		},
		{
			"name": "messagebundle_da.properties",
			"module": "sap/ui/fl/messagebundle_da.properties",
			"locale": "da",
			"raw": "messagebundle.properties"
		},
		{
			"name": "messagebundle_de.properties",
			"module": "sap/ui/fl/messagebundle_de.properties",
			"locale": "de",
			"raw": "messagebundle.properties"
		},
		{
			"name": "messagebundle_el.properties",
			"module": "sap/ui/fl/messagebundle_el.properties",
			"locale": "el",
			"raw": "messagebundle.properties"
		},
		{
			"name": "messagebundle_en.properties",
			"module": "sap/ui/fl/messagebundle_en.properties",
			"locale": "en",
			"raw": "messagebundle.properties"
		},
		{
			"name": "messagebundle_en_US_sappsd.properties",
			"module": "sap/ui/fl/messagebundle_en_US_sappsd.properties",
			"locale": "en_US_sappsd",
			"raw": "messagebundle.properties"
		},
		{
			"name": "messagebundle_en_US_saptrc.properties",
			"module": "sap/ui/fl/messagebundle_en_US_saptrc.properties",
			"locale": "en_US_saptrc",
			"raw": "messagebundle.properties"
		},
		{
			"name": "messagebundle_es.properties",
			"module": "sap/ui/fl/messagebundle_es.properties",
			"locale": "es",
			"raw": "messagebundle.properties"
		},
		{
			"name": "messagebundle_et.properties",
			"module": "sap/ui/fl/messagebundle_et.properties",
			"locale": "et",
			"raw": "messagebundle.properties"
		},
		{
			"name": "messagebundle_fi.properties",
			"module": "sap/ui/fl/messagebundle_fi.properties",
			"locale": "fi",
			"raw": "messagebundle.properties"
		},
		{
			"name": "messagebundle_fr.properties",
			"module": "sap/ui/fl/messagebundle_fr.properties",
			"locale": "fr",
			"raw": "messagebundle.properties"
		},
		{
			"name": "messagebundle_hi.properties",
			"module": "sap/ui/fl/messagebundle_hi.properties",
			"locale": "hi",
			"raw": "messagebundle.properties"
		},
		{
			"name": "messagebundle_hr.properties",
			"module": "sap/ui/fl/messagebundle_hr.properties",
			"locale": "hr",
			"raw": "messagebundle.properties"
		},
		{
			"name": "messagebundle_hu.properties",
			"module": "sap/ui/fl/messagebundle_hu.properties",
			"locale": "hu",
			"raw": "messagebundle.properties"
		},
		{
			"name": "messagebundle_it.properties",
			"module": "sap/ui/fl/messagebundle_it.properties",
			"locale": "it",
			"raw": "messagebundle.properties"
		},
		{
			"name": "messagebundle_iw.properties",
			"module": "sap/ui/fl/messagebundle_iw.properties",
			"locale": "iw",
			"raw": "messagebundle.properties"
		},
		{
			"name": "messagebundle_ja.properties",
			"module": "sap/ui/fl/messagebundle_ja.properties",
			"locale": "ja",
			"raw": "messagebundle.properties"
		},
		{
			"name": "messagebundle_kk.properties",
			"module": "sap/ui/fl/messagebundle_kk.properties",
			"locale": "kk",
			"raw": "messagebundle.properties"
		},
		{
			"name": "messagebundle_ko.properties",
			"module": "sap/ui/fl/messagebundle_ko.properties",
			"locale": "ko",
			"raw": "messagebundle.properties"
		},
		{
			"name": "messagebundle_lt.properties",
			"module": "sap/ui/fl/messagebundle_lt.properties",
			"locale": "lt",
			"raw": "messagebundle.properties"
		},
		{
			"name": "messagebundle_lv.properties",
			"module": "sap/ui/fl/messagebundle_lv.properties",
			"locale": "lv",
			"raw": "messagebundle.properties"
		},
		{
			"name": "messagebundle_ms.properties",
			"module": "sap/ui/fl/messagebundle_ms.properties",
			"locale": "ms",
			"raw": "messagebundle.properties"
		},
		{
			"name": "messagebundle_nl.properties",
			"module": "sap/ui/fl/messagebundle_nl.properties",
			"locale": "nl",
			"raw": "messagebundle.properties"
		},
		{
			"name": "messagebundle_no.properties",
			"module": "sap/ui/fl/messagebundle_no.properties",
			"locale": "no",
			"raw": "messagebundle.properties"
		},
		{
			"name": "messagebundle_pl.properties",
			"module": "sap/ui/fl/messagebundle_pl.properties",
			"locale": "pl",
			"raw": "messagebundle.properties"
		},
		{
			"name": "messagebundle_pt.properties",
			"module": "sap/ui/fl/messagebundle_pt.properties",
			"locale": "pt",
			"raw": "messagebundle.properties"
		},
		{
			"name": "messagebundle_ro.properties",
			"module": "sap/ui/fl/messagebundle_ro.properties",
			"locale": "ro",
			"raw": "messagebundle.properties"
		},
		{
			"name": "messagebundle_ru.properties",
			"module": "sap/ui/fl/messagebundle_ru.properties",
			"locale": "ru",
			"raw": "messagebundle.properties"
		},
		{
			"name": "messagebundle_sh.properties",
			"module": "sap/ui/fl/messagebundle_sh.properties",
			"locale": "sh",
			"raw": "messagebundle.properties"
		},
		{
			"name": "messagebundle_sk.properties",
			"module": "sap/ui/fl/messagebundle_sk.properties",
			"locale": "sk",
			"raw": "messagebundle.properties"
		},
		{
			"name": "messagebundle_sl.properties",
			"module": "sap/ui/fl/messagebundle_sl.properties",
			"locale": "sl",
			"raw": "messagebundle.properties"
		},
		{
			"name": "messagebundle_sv.properties",
			"module": "sap/ui/fl/messagebundle_sv.properties",
			"locale": "sv",
			"raw": "messagebundle.properties"
		},
		{
			"name": "messagebundle_th.properties",
			"module": "sap/ui/fl/messagebundle_th.properties",
			"locale": "th",
			"raw": "messagebundle.properties"
		},
		{
			"name": "messagebundle_tr.properties",
			"module": "sap/ui/fl/messagebundle_tr.properties",
			"locale": "tr",
			"raw": "messagebundle.properties"
		},
		{
			"name": "messagebundle_uk.properties",
			"module": "sap/ui/fl/messagebundle_uk.properties",
			"locale": "uk",
			"raw": "messagebundle.properties"
		},
		{
			"name": "messagebundle_vi.properties",
			"module": "sap/ui/fl/messagebundle_vi.properties",
			"locale": "vi",
			"raw": "messagebundle.properties"
		},
		{
			"name": "messagebundle_zh_CN.properties",
			"module": "sap/ui/fl/messagebundle_zh_CN.properties",
			"locale": "zh_CN",
			"raw": "messagebundle.properties"
		},
		{
			"name": "messagebundle_zh_TW.properties",
			"module": "sap/ui/fl/messagebundle_zh_TW.properties",
			"locale": "zh_TW",
			"raw": "messagebundle.properties"
		},
		{
			"name": "registry/ChangeHandlerRegistration-dbg.js",
			"module": "sap/ui/fl/registry/ChangeHandlerRegistration.js",
			"isDebug": true,
			"required": [
				"sap/ui/fl/registry/ChangeRegistry.js"
			]
		},
		{
			"name": "registry/ChangeHandlerRegistration.js",
			"module": "sap/ui/fl/registry/ChangeHandlerRegistration.js",
			"required": [
				"sap/ui/fl/registry/ChangeRegistry.js"
			]
		},
		{
			"name": "registry/ChangeRegistry-dbg.js",
			"module": "sap/ui/fl/registry/ChangeRegistry.js",
			"isDebug": true,
			"required": [
				"jquery.sap.global.js",
				"sap/ui/fl/Utils.js",
				"sap/ui/fl/changeHandler/HideControl.js",
				"sap/ui/fl/changeHandler/MoveControls.js",
				"sap/ui/fl/changeHandler/MoveElements.js",
				"sap/ui/fl/changeHandler/PropertyBindingChange.js",
				"sap/ui/fl/changeHandler/PropertyChange.js",
				"sap/ui/fl/changeHandler/StashControl.js",
				"sap/ui/fl/changeHandler/UnhideControl.js",
				"sap/ui/fl/changeHandler/UnstashControl.js",
				"sap/ui/fl/registry/ChangeRegistryItem.js",
				"sap/ui/fl/registry/ChangeTypeMetadata.js",
				"sap/ui/fl/registry/Settings.js"
			]
		},
		{
			"name": "registry/ChangeRegistry.js",
			"module": "sap/ui/fl/registry/ChangeRegistry.js",
			"required": [
				"jquery.sap.global.js",
				"sap/ui/fl/Utils.js",
				"sap/ui/fl/changeHandler/HideControl.js",
				"sap/ui/fl/changeHandler/MoveControls.js",
				"sap/ui/fl/changeHandler/MoveElements.js",
				"sap/ui/fl/changeHandler/PropertyBindingChange.js",
				"sap/ui/fl/changeHandler/PropertyChange.js",
				"sap/ui/fl/changeHandler/StashControl.js",
				"sap/ui/fl/changeHandler/UnhideControl.js",
				"sap/ui/fl/changeHandler/UnstashControl.js",
				"sap/ui/fl/registry/ChangeRegistryItem.js",
				"sap/ui/fl/registry/ChangeTypeMetadata.js",
				"sap/ui/fl/registry/Settings.js"
			]
		},
		{
			"name": "registry/ChangeRegistryItem-dbg.js",
			"module": "sap/ui/fl/registry/ChangeRegistryItem.js",
			"isDebug": true,
			"required": [
				"jquery.sap.global.js",
				"sap/ui/fl/Utils.js"
			]
		},
		{
			"name": "registry/ChangeRegistryItem.js",
			"module": "sap/ui/fl/registry/ChangeRegistryItem.js",
			"required": [
				"jquery.sap.global.js",
				"sap/ui/fl/Utils.js"
			]
		},
		{
			"name": "registry/ChangeTypeMetadata-dbg.js",
			"module": "sap/ui/fl/registry/ChangeTypeMetadata.js",
			"isDebug": true,
			"required": [
				"jquery.sap.global.js",
				"sap/ui/fl/Utils.js"
			]
		},
		{
			"name": "registry/ChangeTypeMetadata.js",
			"module": "sap/ui/fl/registry/ChangeTypeMetadata.js",
			"required": [
				"jquery.sap.global.js",
				"sap/ui/fl/Utils.js"
			]
		},
		{
			"name": "registry/Settings-dbg.js",
			"module": "sap/ui/fl/registry/Settings.js",
			"isDebug": true,
			"required": [
				"jquery.sap.global.js",
				"sap/ui/base/EventProvider.js",
				"sap/ui/fl/Cache.js",
				"sap/ui/fl/LrepConnector.js",
				"sap/ui/fl/Utils.js"
			]
		},
		{
			"name": "registry/Settings.js",
			"module": "sap/ui/fl/registry/Settings.js",
			"required": [
				"jquery.sap.global.js",
				"sap/ui/base/EventProvider.js",
				"sap/ui/fl/Cache.js",
				"sap/ui/fl/LrepConnector.js",
				"sap/ui/fl/Utils.js"
			]
		},
		{
			"name": "registry/SimpleChanges-dbg.js",
			"module": "sap/ui/fl/registry/SimpleChanges.js",
			"isDebug": true,
			"required": [
				"jquery.sap.global.js",
				"sap/ui/fl/changeHandler/HideControl.js",
				"sap/ui/fl/changeHandler/MoveControls.js",
				"sap/ui/fl/changeHandler/MoveElements.js",
				"sap/ui/fl/changeHandler/PropertyBindingChange.js",
				"sap/ui/fl/changeHandler/PropertyChange.js",
				"sap/ui/fl/changeHandler/StashControl.js",
				"sap/ui/fl/changeHandler/UnhideControl.js",
				"sap/ui/fl/changeHandler/UnstashControl.js"
			]
		},
		{
			"name": "registry/SimpleChanges.js",
			"module": "sap/ui/fl/registry/SimpleChanges.js",
			"required": [
				"jquery.sap.global.js",
				"sap/ui/fl/changeHandler/HideControl.js",
				"sap/ui/fl/changeHandler/MoveControls.js",
				"sap/ui/fl/changeHandler/MoveElements.js",
				"sap/ui/fl/changeHandler/PropertyBindingChange.js",
				"sap/ui/fl/changeHandler/PropertyChange.js",
				"sap/ui/fl/changeHandler/StashControl.js",
				"sap/ui/fl/changeHandler/UnhideControl.js",
				"sap/ui/fl/changeHandler/UnstashControl.js"
			]
		},
		{
			"name": "resources.json"
		},
		{
			"name": "support/Flexibility-dbg.js",
			"module": "sap/ui/fl/support/Flexibility.js",
			"isDebug": true,
			"required": [
				"jquery.sap.global.js",
				"sap/ui/core/support/Plugin.js",
				"sap/ui/core/support/Support.js",
				"sap/ui/fl/Utils.js",
				"sap/ui/model/json/JSONModel.js"
			]
		},
		{
			"name": "support/Flexibility.js",
			"module": "sap/ui/fl/support/Flexibility.js",
			"required": [
				"jquery.sap.global.js",
				"sap/ui/core/support/Plugin.js",
				"sap/ui/core/support/Support.js",
				"sap/ui/fl/Utils.js",
				"sap/ui/model/json/JSONModel.js"
			]
		},
		{
			"name": "support/Flexibility.view.xml",
			"module": "sap/ui/fl/support/Flexibility.view.xml",
			"required": [
				"sap/m/Column.js",
				"sap/m/ColumnListItem.js",
				"sap/m/CustomListItem.js",
				"sap/m/List.js",
				"sap/m/Panel.js",
				"sap/m/Table.js",
				"sap/m/Text.js",
				"sap/m/Title.js",
				"sap/m/Toolbar.js",
				"sap/ui/core/Icon.js",
				"sap/ui/core/mvc/XMLView.js"
			]
		},
		{
			"name": "support/apps/contentbrowser/Component-dbg.js",
			"module": "sap/ui/fl/support/apps/contentbrowser/Component.js",
			"isDebug": true,
			"required": [
				"sap/ui/core/UIComponent.js"
			]
		},
		{
			"name": "support/apps/contentbrowser/Component.js",
			"module": "sap/ui/fl/support/apps/contentbrowser/Component.js",
			"required": [
				"sap/ui/core/UIComponent.js"
			]
		},
		{
			"name": "support/apps/contentbrowser/controller/ContentDetails-dbg.controller.js",
			"module": "sap/ui/fl/support/apps/contentbrowser/controller/ContentDetails.controller.js",
			"isDebug": true,
			"required": [
				"sap/m/Button.js",
				"sap/m/Dialog.js",
				"sap/m/Text.js",
				"sap/ui/core/mvc/Controller.js",
				"sap/ui/fl/support/apps/contentbrowser/lrepConnector/LRepConnector.js",
				"sap/ui/fl/support/apps/contentbrowser/utils/DataUtils.js"
			]
		},
		{
			"name": "support/apps/contentbrowser/controller/ContentDetails.controller.js",
			"module": "sap/ui/fl/support/apps/contentbrowser/controller/ContentDetails.controller.js",
			"required": [
				"sap/m/Button.js",
				"sap/m/Dialog.js",
				"sap/m/Text.js",
				"sap/ui/core/mvc/Controller.js",
				"sap/ui/fl/support/apps/contentbrowser/lrepConnector/LRepConnector.js",
				"sap/ui/fl/support/apps/contentbrowser/utils/DataUtils.js"
			]
		},
		{
			"name": "support/apps/contentbrowser/controller/ContentDetailsEdit-dbg.controller.js",
			"module": "sap/ui/fl/support/apps/contentbrowser/controller/ContentDetailsEdit.controller.js",
			"isDebug": true,
			"required": [
				"sap/ui/core/mvc/Controller.js",
				"sap/ui/fl/support/apps/contentbrowser/lrepConnector/LRepConnector.js",
				"sap/ui/fl/support/apps/contentbrowser/utils/DataUtils.js"
			]
		},
		{
			"name": "support/apps/contentbrowser/controller/ContentDetailsEdit.controller.js",
			"module": "sap/ui/fl/support/apps/contentbrowser/controller/ContentDetailsEdit.controller.js",
			"required": [
				"sap/ui/core/mvc/Controller.js",
				"sap/ui/fl/support/apps/contentbrowser/lrepConnector/LRepConnector.js",
				"sap/ui/fl/support/apps/contentbrowser/utils/DataUtils.js"
			]
		},
		{
			"name": "support/apps/contentbrowser/controller/LayerContentMaster-dbg.controller.js",
			"module": "sap/ui/fl/support/apps/contentbrowser/controller/LayerContentMaster.controller.js",
			"isDebug": true,
			"required": [
				"sap/ui/core/UIComponent.js",
				"sap/ui/core/mvc/Controller.js",
				"sap/ui/fl/support/apps/contentbrowser/lrepConnector/LRepConnector.js",
				"sap/ui/fl/support/apps/contentbrowser/utils/DataUtils.js",
				"sap/ui/model/Filter.js",
				"sap/ui/model/FilterOperator.js"
			]
		},
		{
			"name": "support/apps/contentbrowser/controller/LayerContentMaster.controller.js",
			"module": "sap/ui/fl/support/apps/contentbrowser/controller/LayerContentMaster.controller.js",
			"required": [
				"sap/ui/core/UIComponent.js",
				"sap/ui/core/mvc/Controller.js",
				"sap/ui/fl/support/apps/contentbrowser/lrepConnector/LRepConnector.js",
				"sap/ui/fl/support/apps/contentbrowser/utils/DataUtils.js",
				"sap/ui/model/Filter.js",
				"sap/ui/model/FilterOperator.js"
			]
		},
		{
			"name": "support/apps/contentbrowser/controller/Layers-dbg.controller.js",
			"module": "sap/ui/fl/support/apps/contentbrowser/controller/Layers.controller.js",
			"isDebug": true,
			"required": [
				"sap/ui/core/mvc/Controller.js",
				"sap/ui/fl/support/apps/contentbrowser/utils/ErrorUtils.js"
			]
		},
		{
			"name": "support/apps/contentbrowser/controller/Layers.controller.js",
			"module": "sap/ui/fl/support/apps/contentbrowser/controller/Layers.controller.js",
			"required": [
				"sap/ui/core/mvc/Controller.js",
				"sap/ui/fl/support/apps/contentbrowser/utils/ErrorUtils.js"
			]
		},
		{
			"name": "support/apps/contentbrowser/i18n/i18n.properties",
			"module": "sap/ui/fl/support/apps/contentbrowser/i18n/i18n.properties"
		},
		{
			"name": "support/apps/contentbrowser/index.html"
		},
		{
			"name": "support/apps/contentbrowser/lrepConnector/LRepConnector-dbg.js",
			"module": "sap/ui/fl/support/apps/contentbrowser/lrepConnector/LRepConnector.js",
			"isDebug": true,
			"required": [
				"sap/ui/fl/Utils.js"
			],
			"condRequired": [
				"sap/ui/fl/support/apps/contentbrowser/utils/ErrorUtils.js"
			]
		},
		{
			"name": "support/apps/contentbrowser/lrepConnector/LRepConnector.js",
			"module": "sap/ui/fl/support/apps/contentbrowser/lrepConnector/LRepConnector.js",
			"required": [
				"sap/ui/fl/Utils.js"
			],
			"condRequired": [
				"sap/ui/fl/support/apps/contentbrowser/utils/ErrorUtils.js"
			]
		},
		{
			"name": "support/apps/contentbrowser/manifest.json",
			"module": "sap/ui/fl/support/apps/contentbrowser/manifest.json"
		},
		{
			"name": "support/apps/contentbrowser/style.css"
		},
		{
			"name": "support/apps/contentbrowser/utils/DataUtils-dbg.js",
			"module": "sap/ui/fl/support/apps/contentbrowser/utils/DataUtils.js",
			"isDebug": true,
			"required": [
				"sap/m/GroupHeaderListItem.js"
			]
		},
		{
			"name": "support/apps/contentbrowser/utils/DataUtils.js",
			"module": "sap/ui/fl/support/apps/contentbrowser/utils/DataUtils.js",
			"required": [
				"sap/m/GroupHeaderListItem.js"
			]
		},
		{
			"name": "support/apps/contentbrowser/utils/ErrorUtils-dbg.js",
			"module": "sap/ui/fl/support/apps/contentbrowser/utils/ErrorUtils.js",
			"isDebug": true,
			"required": [
				"sap/m/MessagePopover.js",
				"sap/m/MessagePopoverItem.js"
			]
		},
		{
			"name": "support/apps/contentbrowser/utils/ErrorUtils.js",
			"module": "sap/ui/fl/support/apps/contentbrowser/utils/ErrorUtils.js",
			"required": [
				"sap/m/MessagePopover.js",
				"sap/m/MessagePopoverItem.js"
			]
		},
		{
			"name": "support/apps/contentbrowser/view/ContentDetails.view.xml",
			"module": "sap/ui/fl/support/apps/contentbrowser/view/ContentDetails.view.xml",
			"required": [
				"sap/m/Button.js",
				"sap/m/DisplayListItem.js",
				"sap/m/IconTabBar.js",
				"sap/m/IconTabFilter.js",
				"sap/m/List.js",
				"sap/m/Page.js",
				"sap/m/Text.js",
				"sap/m/Toolbar.js",
				"sap/m/ToolbarSpacer.js",
				"sap/ui/core/mvc/XMLView.js",
				"sap/ui/fl/support/apps/contentbrowser/controller/ContentDetails.controller.js",
				"sap/ui/layout/form/SimpleForm.js"
			]
		},
		{
			"name": "support/apps/contentbrowser/view/ContentDetailsEdit.view.xml",
			"module": "sap/ui/fl/support/apps/contentbrowser/view/ContentDetailsEdit.view.xml",
			"required": [
				"sap/m/Button.js",
				"sap/m/Page.js",
				"sap/m/TextArea.js",
				"sap/m/Toolbar.js",
				"sap/m/ToolbarSpacer.js",
				"sap/ui/core/mvc/XMLView.js",
				"sap/ui/fl/support/apps/contentbrowser/controller/ContentDetailsEdit.controller.js",
				"sap/ui/layout/form/SimpleForm.js"
			]
		},
		{
			"name": "support/apps/contentbrowser/view/EmptyDetails.view.xml",
			"module": "sap/ui/fl/support/apps/contentbrowser/view/EmptyDetails.view.xml",
			"required": [
				"sap/m/Page.js",
				"sap/ui/core/mvc/XMLView.js"
			]
		},
		{
			"name": "support/apps/contentbrowser/view/LayerContentMaster.view.xml",
			"module": "sap/ui/fl/support/apps/contentbrowser/view/LayerContentMaster.view.xml",
			"required": [
				"sap/m/Button.js",
				"sap/m/List.js",
				"sap/m/Page.js",
				"sap/m/SearchField.js",
				"sap/m/StandardListItem.js",
				"sap/m/Toolbar.js",
				"sap/ui/core/mvc/XMLView.js",
				"sap/ui/fl/support/apps/contentbrowser/controller/LayerContentMaster.controller.js"
			]
		},
		{
			"name": "support/apps/contentbrowser/view/Layers.view.xml",
			"module": "sap/ui/fl/support/apps/contentbrowser/view/Layers.view.xml",
			"required": [
				"sap/m/Button.js",
				"sap/m/List.js",
				"sap/m/Page.js",
				"sap/m/StandardListItem.js",
				"sap/m/Toolbar.js",
				"sap/ui/core/mvc/XMLView.js",
				"sap/ui/fl/support/apps/contentbrowser/controller/Layers.controller.js"
			]
		},
		{
			"name": "support/apps/contentbrowser/view/MainView.view.xml",
			"module": "sap/ui/fl/support/apps/contentbrowser/view/MainView.view.xml",
			"required": [
				"sap/m/SplitApp.js",
				"sap/ui/core/mvc/XMLView.js"
			]
		},
		{
			"name": "support/flexibility.css"
		},
		{
			"name": "themes/base/.theming",
			"theme": "base"
		},
		{
			"name": "themes/base/VariantManagement.less",
			"designtime": true,
			"theme": "base"
		},
		{
			"name": "themes/base/library-RTL-dbg.css",
			"isDebug": true,
			"theme": "base"
		},
		{
			"name": "themes/base/library-RTL.css",
			"theme": "base"
		},
		{
			"name": "themes/base/library-dbg.css",
			"isDebug": true,
			"theme": "base"
		},
		{
			"name": "themes/base/library-parameters.json",
			"theme": "base"
		},
		{
			"name": "themes/base/library.css",
			"theme": "base"
		},
		{
			"name": "themes/base/library.less",
			"designtime": true,
			"theme": "base"
		},
		{
			"name": "themes/base/library.source.less",
			"designtime": true,
			"theme": "base"
		},
		{
			"name": "transport/TransportDialog-dbg.js",
			"module": "sap/ui/fl/transport/TransportDialog.js",
			"isDebug": true,
			"required": [
				"jquery.sap.global.js",
				"sap/m/Button.js",
				"sap/m/ComboBox.js",
				"sap/m/Dialog.js",
				"sap/m/DialogRenderer.js",
				"sap/m/Input.js",
				"sap/m/InputListItem.js",
				"sap/m/Label.js",
				"sap/m/List.js",
				"sap/m/MessageToast.js",
				"sap/ui/core/ListItem.js",
				"sap/ui/fl/transport/Transports.js"
			]
		},
		{
			"name": "transport/TransportDialog.control",
			"designtime": true
		},
		{
			"name": "transport/TransportDialog.js",
			"module": "sap/ui/fl/transport/TransportDialog.js",
			"required": [
				"jquery.sap.global.js",
				"sap/m/Button.js",
				"sap/m/ComboBox.js",
				"sap/m/Dialog.js",
				"sap/m/DialogRenderer.js",
				"sap/m/Input.js",
				"sap/m/InputListItem.js",
				"sap/m/Label.js",
				"sap/m/List.js",
				"sap/m/MessageToast.js",
				"sap/ui/core/ListItem.js",
				"sap/ui/fl/transport/Transports.js"
			]
		},
		{
			"name": "transport/TransportSelection-dbg.js",
			"module": "sap/ui/fl/transport/TransportSelection.js",
			"isDebug": true,
			"required": [
				"jquery.sap.global.js",
				"sap/ui/fl/Utils.js",
				"sap/ui/fl/registry/Settings.js",
				"sap/ui/fl/transport/TransportDialog.js",
				"sap/ui/fl/transport/Transports.js"
			]
		},
		{
			"name": "transport/TransportSelection.js",
			"module": "sap/ui/fl/transport/TransportSelection.js",
			"required": [
				"jquery.sap.global.js",
				"sap/ui/fl/Utils.js",
				"sap/ui/fl/registry/Settings.js",
				"sap/ui/fl/transport/TransportDialog.js",
				"sap/ui/fl/transport/Transports.js"
			]
		},
		{
			"name": "transport/Transports-dbg.js",
			"module": "sap/ui/fl/transport/Transports.js",
			"isDebug": true,
			"required": [
				"sap/ui/fl/LrepConnector.js",
				"sap/ui/fl/Utils.js"
			]
		},
		{
			"name": "transport/Transports.js",
			"module": "sap/ui/fl/transport/Transports.js",
			"required": [
				"sap/ui/fl/LrepConnector.js",
				"sap/ui/fl/Utils.js"
			]
		},
		{
			"name": "variants/VariantController-dbg.js",
			"module": "sap/ui/fl/variants/VariantController.js",
			"isDebug": true,
			"required": [
				"jquery.sap.global.js",
				"sap/ui/fl/Change.js",
				"sap/ui/fl/Utils.js"
			]
		},
		{
			"name": "variants/VariantController.js",
			"module": "sap/ui/fl/variants/VariantController.js",
			"required": [
				"jquery.sap.global.js",
				"sap/ui/fl/Change.js",
				"sap/ui/fl/Utils.js"
			]
		},
		{
			"name": "variants/VariantManagement-dbg.js",
			"module": "sap/ui/fl/variants/VariantManagement.js",
			"isDebug": true,
			"required": [
				"jquery.sap.global.js",
				"sap/m/Bar.js",
				"sap/m/Button.js",
				"sap/m/ButtonType.js",
				"sap/m/CheckBox.js",
				"sap/m/Column.js",
				"sap/m/ColumnListItem.js",
				"sap/m/Dialog.js",
				"sap/m/Input.js",
				"sap/m/Label.js",
				"sap/m/ObjectIdentifier.js",
				"sap/m/OverflowToolbar.js",
				"sap/m/OverflowToolbarLayoutData.js",
				"sap/m/OverflowToolbarPriority.js",
				"sap/m/Page.js",
				"sap/m/PlacementType.js",
				"sap/m/PopinDisplay.js",
				"sap/m/RadioButton.js",
				"sap/m/ResponsivePopover.js",
				"sap/m/ScreenSize.js",
				"sap/m/SearchField.js",
				"sap/m/SelectList.js",
				"sap/m/Table.js",
				"sap/m/Text.js",
				"sap/m/Toolbar.js",
				"sap/m/ToolbarSpacer.js",
				"sap/ui/Device.js",
				"sap/ui/core/Control.js",
				"sap/ui/core/InvisibleText.js",
				"sap/ui/core/TextAlign.js",
				"sap/ui/core/ValueState.js",
				"sap/ui/fl/Utils.js",
				"sap/ui/fl/changeHandler/BaseTreeModifier.js",
				"sap/ui/fl/transport/TransportSelection.js",
				"sap/ui/layout/Grid.js",
				"sap/ui/layout/HorizontalLayout.js",
				"sap/ui/model/Context.js",
				"sap/ui/model/Filter.js",
				"sap/ui/model/json/JSONModel.js"
			]
		},
		{
			"name": "variants/VariantManagement.control",
			"designtime": true
		},
		{
			"name": "variants/VariantManagement.designtime-dbg.js",
			"module": "sap/ui/fl/variants/VariantManagement.designtime.js",
			"isDebug": true
		},
		{
			"name": "variants/VariantManagement.designtime.js",
			"module": "sap/ui/fl/variants/VariantManagement.designtime.js",
			"designtime": true
		},
		{
			"name": "variants/VariantManagement.js",
			"module": "sap/ui/fl/variants/VariantManagement.js",
			"required": [
				"jquery.sap.global.js",
				"sap/m/Bar.js",
				"sap/m/Button.js",
				"sap/m/ButtonType.js",
				"sap/m/CheckBox.js",
				"sap/m/Column.js",
				"sap/m/ColumnListItem.js",
				"sap/m/Dialog.js",
				"sap/m/Input.js",
				"sap/m/Label.js",
				"sap/m/ObjectIdentifier.js",
				"sap/m/OverflowToolbar.js",
				"sap/m/OverflowToolbarLayoutData.js",
				"sap/m/OverflowToolbarPriority.js",
				"sap/m/Page.js",
				"sap/m/PlacementType.js",
				"sap/m/PopinDisplay.js",
				"sap/m/RadioButton.js",
				"sap/m/ResponsivePopover.js",
				"sap/m/ScreenSize.js",
				"sap/m/SearchField.js",
				"sap/m/SelectList.js",
				"sap/m/Table.js",
				"sap/m/Text.js",
				"sap/m/Toolbar.js",
				"sap/m/ToolbarSpacer.js",
				"sap/ui/Device.js",
				"sap/ui/core/Control.js",
				"sap/ui/core/InvisibleText.js",
				"sap/ui/core/TextAlign.js",
				"sap/ui/core/ValueState.js",
				"sap/ui/fl/Utils.js",
				"sap/ui/fl/changeHandler/BaseTreeModifier.js",
				"sap/ui/fl/transport/TransportSelection.js",
				"sap/ui/layout/Grid.js",
				"sap/ui/layout/HorizontalLayout.js",
				"sap/ui/model/Context.js",
				"sap/ui/model/Filter.js",
				"sap/ui/model/json/JSONModel.js"
			]
		},
		{
			"name": "variants/VariantModel-dbg.js",
			"module": "sap/ui/fl/variants/VariantModel.js",
			"isDebug": true,
			"required": [
				"jquery.sap.global.js",
				"sap/ui/fl/Utils.js",
				"sap/ui/model/json/JSONModel.js"
			]
		},
		{
			"name": "variants/VariantModel.js",
			"module": "sap/ui/fl/variants/VariantModel.js",
			"required": [
				"jquery.sap.global.js",
				"sap/ui/fl/Utils.js",
				"sap/ui/model/json/JSONModel.js"
			]
		}
	]
}