{
	"_version": "1.1.0",
	"resources": [
		{
			"name": ".theming",
			"theme": "sap_hcb"
		},
		{
			"name": "ActionBar.less",
			"designtime": true,
			"theme": "sap_hcb"
		},
		{
			"name": "CollectionInspector.less",
			"designtime": true,
			"theme": "sap_hcb"
		},
		{
			"name": "DataSet.less",
			"designtime": true,
			"theme": "sap_hcb"
		},
		{
			"name": "DataSetSimpleView.less",
			"designtime": true,
			"theme": "sap_hcb"
		},
		{
			"name": "Exact.less",
			"designtime": true,
			"theme": "sap_hcb"
		},
		{
			"name": "ExactArea.less",
			"designtime": true,
			"theme": "sap_hcb"
		},
		{
			"name": "ExactBrowser.less",
			"designtime": true,
			"theme": "sap_hcb"
		},
		{
			"name": "ExactList.less",
			"designtime": true,
			"theme": "sap_hcb"
		},
		{
			"name": "FacetFilter.less",
			"designtime": true,
			"theme": "sap_hcb"
		},
		{
			"name": "FacetFilterList.less",
			"designtime": true,
			"theme": "sap_hcb"
		},
		{
			"name": "Feed.less",
			"designtime": true,
			"theme": "sap_hcb"
		},
		{
			"name": "FeedChunk.less",
			"designtime": true,
			"theme": "sap_hcb"
		},
		{
			"name": "Feeder.less",
			"designtime": true,
			"theme": "sap_hcb"
		},
		{
			"name": "NavigationBar.less",
			"designtime": true,
			"theme": "sap_hcb"
		},
		{
			"name": "NotificationBar.less",
			"designtime": true,
			"theme": "sap_hcb"
		},
		{
			"name": "Overlay.less",
			"designtime": true,
			"theme": "sap_hcb"
		},
		{
			"name": "OverlayContainer.less",
			"designtime": true,
			"theme": "sap_hcb"
		},
		{
			"name": "QuickView.less",
			"designtime": true,
			"theme": "sap_hcb"
		},
		{
			"name": "Shell.less",
			"designtime": true,
			"theme": "sap_hcb"
		},
		{
			"name": "ShellColorPicker.less",
			"designtime": true,
			"theme": "sap_hcb"
		},
		{
			"name": "ShellPersonalization.less",
			"designtime": true,
			"theme": "sap_hcb"
		},
		{
			"name": "ThingInspector.less",
			"designtime": true,
			"theme": "sap_hcb"
		},
		{
			"name": "ThingViewer.less",
			"designtime": true,
			"theme": "sap_hcb"
		},
		{
			"name": "ToolPopup.less",
			"designtime": true,
			"theme": "sap_hcb"
		},
		{
			"name": "img-RTL/exact/tophead.gif",
			"theme": "sap_hcb"
		},
		{
			"name": "img-RTL/feed/ico12_click.png",
			"theme": "sap_hcb"
		},
		{
			"name": "img-RTL/menu_follow.png",
			"theme": "sap_hcb"
		},
		{
			"name": "img-RTL/menu_hold.png",
			"theme": "sap_hcb"
		},
		{
			"name": "img-RTL/menu_unlisten.png",
			"theme": "sap_hcb"
		},
		{
			"name": "img-RTL/navigationbar/facetNext.png",
			"theme": "sap_hcb"
		},
		{
			"name": "img-RTL/navigationbar/facetPrev.png",
			"theme": "sap_hcb"
		},
		{
			"name": "img-RTL/notification_bar/alert_white_24.png",
			"theme": "sap_hcb"
		},
		{
			"name": "img-RTL/notification_bar/arrows/ArrowBar_down.png",
			"theme": "sap_hcb"
		},
		{
			"name": "img-RTL/notification_bar/arrows/ArrowBar_down_hover.png",
			"theme": "sap_hcb"
		},
		{
			"name": "img-RTL/notification_bar/arrows/ArrowBar_up.png",
			"theme": "sap_hcb"
		},
		{
			"name": "img-RTL/notification_bar/arrows/ArrowBar_up_hover.png",
			"theme": "sap_hcb"
		},
		{
			"name": "img-RTL/notification_bar/arrows/DoubleArrow_down.png",
			"theme": "sap_hcb"
		},
		{
			"name": "img-RTL/notification_bar/arrows/DoubleArrow_down_hover.png",
			"theme": "sap_hcb"
		},
		{
			"name": "img-RTL/notification_bar/arrows/DoubleArrow_up.png",
			"theme": "sap_hcb"
		},
		{
			"name": "img-RTL/notification_bar/arrows/DoubleArrow_up_hover.png",
			"theme": "sap_hcb"
		},
		{
			"name": "img-RTL/notification_bar/notification_24.png",
			"theme": "sap_hcb"
		},
		{
			"name": "img-RTL/shell/LogOut_icon.png",
			"theme": "sap_hcb"
		},
		{
			"name": "img-RTL/shell/tools/Feed_hover.png",
			"theme": "sap_hcb"
		},
		{
			"name": "img-RTL/shell/tools/Inspector_hover.png",
			"theme": "sap_hcb"
		},
		{
			"name": "img-RTL/shell/tools/Inspector_selected.png",
			"theme": "sap_hcb"
		},
		{
			"name": "img-RTL/shell/tools/Search_hover.png",
			"theme": "sap_hcb"
		},
		{
			"name": "img-RTL/toolpopup/arrow_down.png",
			"theme": "sap_hcb"
		},
		{
			"name": "img-RTL/toolpopup/arrow_left.png",
			"theme": "sap_hcb"
		},
		{
			"name": "img-RTL/toolpopup/arrow_right.png",
			"theme": "sap_hcb"
		},
		{
			"name": "img-RTL/toolpopup/arrow_up.png",
			"theme": "sap_hcb"
		},
		{
			"name": "img/exact/tophead.gif",
			"theme": "sap_hcb"
		},
		{
			"name": "img/feed/ico12_click.png",
			"theme": "sap_hcb"
		},
		{
			"name": "img/menu_follow.png",
			"theme": "sap_hcb"
		},
		{
			"name": "img/menu_hold.png",
			"theme": "sap_hcb"
		},
		{
			"name": "img/menu_unlisten.png",
			"theme": "sap_hcb"
		},
		{
			"name": "img/navigationbar/facetNext.png",
			"theme": "sap_hcb"
		},
		{
			"name": "img/navigationbar/facetPrev.png",
			"theme": "sap_hcb"
		},
		{
			"name": "img/notification_bar/alert_white_24.png",
			"theme": "sap_hcb"
		},
		{
			"name": "img/notification_bar/arrows/ArrowBar_down.png",
			"theme": "sap_hcb"
		},
		{
			"name": "img/notification_bar/arrows/ArrowBar_down_hover.png",
			"theme": "sap_hcb"
		},
		{
			"name": "img/notification_bar/arrows/ArrowBar_up.png",
			"theme": "sap_hcb"
		},
		{
			"name": "img/notification_bar/arrows/ArrowBar_up_hover.png",
			"theme": "sap_hcb"
		},
		{
			"name": "img/notification_bar/arrows/DoubleArrow_down.png",
			"theme": "sap_hcb"
		},
		{
			"name": "img/notification_bar/arrows/DoubleArrow_down_hover.png",
			"theme": "sap_hcb"
		},
		{
			"name": "img/notification_bar/arrows/DoubleArrow_up.png",
			"theme": "sap_hcb"
		},
		{
			"name": "img/notification_bar/arrows/DoubleArrow_up_hover.png",
			"theme": "sap_hcb"
		},
		{
			"name": "img/notification_bar/notification_24.png",
			"theme": "sap_hcb"
		},
		{
			"name": "img/shell/LogOut_icon.png",
			"theme": "sap_hcb"
		},
		{
			"name": "img/shell/tools/Feed_hover.png",
			"theme": "sap_hcb"
		},
		{
			"name": "img/shell/tools/Inspector_hover.png",
			"theme": "sap_hcb"
		},
		{
			"name": "img/shell/tools/Inspector_selected.png",
			"theme": "sap_hcb"
		},
		{
			"name": "img/shell/tools/Search_hover.png",
			"theme": "sap_hcb"
		},
		{
			"name": "img/toolpopup/arrow_down.png",
			"theme": "sap_hcb"
		},
		{
			"name": "img/toolpopup/arrow_left.png",
			"theme": "sap_hcb"
		},
		{
			"name": "img/toolpopup/arrow_right.png",
			"theme": "sap_hcb"
		},
		{
			"name": "img/toolpopup/arrow_up.png",
			"theme": "sap_hcb"
		},
		{
			"name": "library-RTL-dbg.css",
			"isDebug": true,
			"theme": "sap_hcb"
		},
		{
			"name": "library-RTL.css",
			"theme": "sap_hcb"
		},
		{
			"name": "library-dbg.css",
			"isDebug": true,
			"theme": "sap_hcb"
		},
		{
			"name": "library-parameters.json",
			"theme": "sap_hcb"
		},
		{
			"name": "library.css",
			"theme": "sap_hcb"
		},
		{
			"name": "library.less",
			"designtime": true,
			"theme": "sap_hcb"
		},
		{
			"name": "library.source.less",
			"designtime": true,
			"theme": "sap_hcb"
		},
		{
			"name": "shared.less",
			"designtime": true,
			"theme": "sap_hcb"
		}
	]
}